date,n1,n2,n3,n4,n5
2007/1/1,27,38,9,11,28
2007/1/2,33,2,37,12,36
2007/1/3,23,22,30,29,27
2007/1/4,23,39,32,9,3
2007/1/5,26,13,12,9,15
2007/1/8,11,24,13,8,39
2007/1/9,8,17,28,14,5
2007/1/10,34,5,30,38,35
2007/1/11,37,15,18,20,7
2007/1/12,26,23,21,6,33
2007/1/15,15,13,20,25,1
2007/1/16,27,6,13,31,32
2007/1/17,30,27,26,11,25
2007/1/18,22,28,10,20,15
2007/1/19,21,17,10,11,38
2007/1/22,10,13,15,39,28
2007/1/23,17,39,30,24,7
2007/1/24,15,34,23,4,3
2007/1/25,10,24,8,14,21
2007/1/26,36,10,6,37,8
2007/1/29,17,3,38,11,8
2007/1/30,15,10,27,12,5
2007/1/31,15,3,4,34,29
2007/2/1,18,36,25,26,13
2007/2/2,6,12,11,35,15
2007/2/5,16,19,3,31,20
2007/2/6,39,29,2,13,14
2007/2/7,7,11,23,32,35
2007/2/8,10,31,39,5,37
2007/2/9,20,25,27,16,7
2007/2/12,34,15,23,13,16
2007/2/13,28,2,34,22,29
2007/2/14,28,23,20,15,1
2007/2/15,33,28,6,27,24
2007/2/16,32,28,37,29,24
2007/2/19,24,34,9,37,12
2007/2/20,4,36,31,6,17
2007/2/21,20,18,8,34,32
2007/2/22,9,20,17,21,37
2007/2/23,19,9,12,25,16
2007/2/26,23,25,6,20,28
2007/2/27,19,9,12,34,23
2007/2/28,38,21,22,11,9
2007/3/1,3,18,31,2,12
2007/3/2,22,33,7,23,37
2007/3/5,21,25,5,19,11
2007/3/6,12,16,17,19,34
2007/3/7,2,34,12,30,19
2007/3/8,20,31,7,34,11
2007/3/9,31,30,2,38,17
2007/3/12,25,38,27,8,15
2007/3/13,16,9,18,22,6
2007/3/14,39,6,16,37,9
2007/3/15,21,33,7,1,27
2007/3/16,26,38,2,18,1
2007/3/19,20,24,39,28,5
2007/3/20,18,22,14,2,10
2007/3/21,37,6,38,14,34
2007/3/22,36,25,7,26,34
2007/3/23,19,32,29,12,20
2007/3/26,32,36,33,26,27
2007/3/27,20,38,11,37,36
2007/3/28,9,28,34,25,37
2007/3/29,27,23,8,29,22
2007/3/30,6,19,22,33,37
2007/4/2,7,1,33,35,21
2007/4/3,29,31,13,10,11
2007/4/4,34,30,1,19,35
2007/4/5,21,22,23,36,7
2007/4/6,4,12,7,33,34
2007/4/9,11,32,30,39,34
2007/4/10,8,9,30,39,6
2007/4/11,39,25,37,26,31
2007/4/12,25,11,1,9,17
2007/4/13,24,37,22,27,32
2007/4/16,14,28,36,18,26
2007/4/17,11,24,32,31,2
2007/4/18,22,39,3,38,12
2007/4/19,22,14,36,1,20
2007/4/20,6,3,22,37,39
2007/4/23,10,7,13,2,30
2007/4/24,9,4,1,16,6
2007/4/25,19,13,15,37,29
2007/4/26,15,5,32,39,7
2007/4/27,21,10,8,23,39
2007/4/30,17,4,29,7,12
2007/5/1,1,34,22,10,39
2007/5/2,37,23,4,34,39
2007/5/3,18,5,37,25,1
2007/5/4,8,9,12,7,14
2007/5/7,9,27,28,18,4
2007/5/8,18,33,23,10,2
2007/5/9,30,3,35,36,15
2007/5/10,25,22,19,14,35
2007/5/11,24,18,21,15,19
2007/5/14,14,10,2,9,39
2007/5/15,11,5,8,23,38
2007/5/16,24,21,18,11,1
2007/5/17,4,33,6,5,13
2007/5/18,6,11,37,15,39
2007/5/21,8,23,15,20,25
2007/5/22,13,18,1,31,32
2007/5/23,29,32,21,8,4
2007/5/24,13,30,7,35,8
2007/5/25,35,4,19,13,23
2007/5/28,10,17,37,5,4
2007/5/29,14,35,29,10,15
2007/5/30,39,5,20,33,38
2007/5/31,38,21,35,33,28
2007/6/1,3,28,13,7,1
2007/6/4,36,13,7,32,4
2007/6/5,35,6,25,8,18
2007/6/6,7,20,33,28,21
2007/6/7,21,7,18,1,19
2007/6/8,37,7,16,10,1
2007/6/11,14,7,29,30,27
2007/6/12,23,5,27,15,34
2007/6/13,3,2,20,25,1
2007/6/14,26,6,10,39,12
2007/6/15,12,2,25,23,27
2007/6/18,12,2,5,16,3
2007/6/19,6,10,1,8,28
2007/6/20,38,11,7,12,23
2007/6/21,39,19,28,18,35
2007/6/22,9,22,20,25,11
2007/6/25,20,34,24,22,23
2007/6/26,15,1,33,4,25
2007/6/27,14,6,3,20,21
2007/6/28,36,35,19,22,1
2007/6/29,25,37,31,33,34
2007/7/2,13,3,28,32,21
2007/7/3,23,17,25,38,15
2007/7/4,29,19,10,18,17
2007/7/5,2,23,1,37,11
2007/7/6,39,6,31,34,35
2007/7/9,8,12,35,24,34
2007/7/10,29,12,19,8,1
2007/7/11,19,20,29,14,5
2007/7/12,32,27,13,21,8
2007/7/13,1,26,20,3,31
2007/7/16,35,39,16,15,22
2007/7/17,5,17,30,27,23
2007/7/18,24,34,3,33,21
2007/7/19,19,24,37,6,1
2007/7/20,34,38,25,17,35
2007/7/23,36,15,20,11,3
2007/7/24,28,34,19,12,5
2007/7/25,19,9,1,21,10
2007/7/26,24,7,20,33,34
2007/7/27,8,21,11,18,12
2007/7/30,12,15,4,8,20
2007/7/31,7,39,17,14,37
2007/8/1,28,9,36,32,4
2007/8/2,21,39,15,9,35
2007/8/3,13,32,4,12,8
2007/8/6,36,8,13,2,33
2007/8/7,23,10,36,31,9
2007/8/8,27,11,7,12,29
2007/8/9,22,2,24,38,9
2007/8/10,33,13,26,17,16
2007/8/13,29,15,1,31,24
2007/8/14,26,25,14,36,15
2007/8/15,32,28,12,30,5
2007/8/16,35,7,30,14,29
2007/8/17,16,23,30,5,35
2007/8/20,23,28,4,26,17
2007/8/21,19,1,7,29,26
2007/8/22,3,17,22,31,34
2007/8/23,28,7,20,16,4
2007/8/24,12,16,39,2,7
2007/8/27,10,23,12,19,36
2007/8/28,4,36,14,29,7
2007/8/29,18,32,34,15,25
2007/8/30,7,28,14,25,37
2007/8/31,22,20,14,27,29
2007/9/3,18,12,27,24,33
2007/9/4,18,7,5,35,24
2007/9/5,34,38,31,1,28
2007/9/6,28,19,8,33,31
2007/9/7,37,19,30,2,23
2007/9/10,32,37,28,19,13
2007/9/11,27,4,38,35,21
2007/9/12,23,35,7,10,17
2007/9/13,1,3,26,10,15
2007/9/14,23,24,36,39,11
2007/9/17,26,16,24,25,30
2007/9/18,11,24,1,13,27
2007/9/19,37,4,6,24,17
2007/9/20,25,7,26,20,13
2007/9/21,24,38,17,34,12
2007/9/24,2,36,31,3,37
2007/9/25,1,19,27,36,17
2007/9/26,32,37,33,31,8
2007/9/27,16,11,12,6,33
2007/9/28,4,37,9,26,17
2007/10/1,33,35,2,31,28
2007/10/2,23,22,1,26,8
2007/10/3,5,24,1,8,12
2007/10/4,36,2,35,24,6
2007/10/5,34,39,11,25,8
2007/10/8,21,14,19,34,16
2007/10/9,12,26,22,5,7
2007/10/10,22,8,27,24,1
2007/10/11,36,26,18,4,23
2007/10/12,12,1,17,23,13
2007/10/15,17,10,31,9,18
2007/10/16,11,15,22,20,34
2007/10/17,19,3,18,7,23
2007/10/18,21,31,11,13,22
2007/10/19,22,7,29,27,32
2007/10/22,23,18,1,13,33
2007/10/23,3,22,9,4,39
2007/10/24,31,29,17,1,3
2007/10/25,20,11,16,31,9
2007/10/26,17,23,29,37,19
2007/10/29,17,4,39,32,3
2007/10/30,4,27,3,22,6
2007/10/31,15,35,23,28,36
2007/11/1,12,30,14,9,22
2007/11/2,5,4,30,31,1
2007/11/5,28,12,31,26,38
2007/11/6,33,9,37,26,32
2007/11/7,21,6,12,20,30
2007/11/8,29,36,23,25,24
2007/11/9,36,28,2,18,12
2007/11/12,34,36,33,37,30
2007/11/13,18,6,5,16,29
2007/11/14,39,24,9,31,2
2007/11/15,37,6,29,35,21
2007/11/16,10,19,32,5,1
2007/11/19,10,25,20,17,19
2007/11/20,32,7,36,25,34
2007/11/21,6,38,17,20,10
2007/11/22,38,15,4,12,30
2007/11/23,7,16,13,31,24
2007/11/26,5,19,12,29,30
2007/11/27,11,34,12,19,5
2007/11/28,11,1,14,28,6
2007/11/29,12,38,24,29,15
2007/11/30,9,32,27,3,35
2007/12/3,24,28,3,11,31
2007/12/4,39,11,32,36,15
2007/12/5,3,8,9,11,36
2007/12/6,11,39,29,14,32
2007/12/7,22,28,24,15,16
2007/12/10,38,7,19,18,2
2007/12/11,24,21,20,15,35
2007/12/12,19,36,38,10,27
2007/12/13,32,22,26,13,7
2007/12/14,37,14,2,28,15
2007/12/17,24,2,8,13,26
2007/12/18,24,30,36,21,7
2007/12/19,13,39,6,7,27
2007/12/20,30,24,13,16,29
2007/12/21,38,30,37,1,2
2007/12/24,37,19,34,36,31
2007/12/25,22,28,13,4,2
2007/12/26,33,11,1,18,20
2007/12/27,4,3,1,26,19
2007/12/28,30,14,22,2,1
2007/12/31,20,25,37,12,11
2008/1/1,26,35,11,31,37
2008/1/2,2,9,24,10,30
2008/1/3,38,33,28,32,18
2008/1/4,36,17,7,20,28
2008/1/7,2,11,18,21,19
2008/1/8,12,1,20,19,35
2008/1/9,19,4,9,16,29
2008/1/10,8,39,22,11,1
2008/1/11,8,30,4,27,32
2008/1/14,4,35,34,38,19
2008/1/15,11,26,16,5,21
2008/1/16,9,23,30,10,11
2008/1/17,35,2,30,38,37
2008/1/18,5,32,36,31,15
2008/1/21,29,1,26,23,11
2008/1/22,7,4,23,17,1
2008/1/23,11,28,3,4,1
2008/1/24,37,26,12,1,8
2008/1/25,20,15,2,17,8
2008/1/28,28,13,32,2,36
2008/1/29,1,29,9,10,4
2008/1/30,17,37,28,1,16
2008/1/31,17,2,24,35,1
2008/2/1,3,34,10,37,23
2008/2/4,26,12,3,34,23
2008/2/5,1,18,4,10,31
2008/2/6,17,4,18,29,33
2008/2/7,34,30,6,33,32
2008/2/8,10,34,11,3,38
2008/2/11,38,13,18,37,25
2008/2/12,28,38,10,1,12
2008/2/13,34,28,14,36,37
2008/2/14,36,39,3,10,4
2008/2/15,39,26,24,1,27
2008/2/18,17,14,18,21,5
2008/2/19,11,16,24,35,30
2008/2/20,20,11,33,30,27
2008/2/21,10,6,22,31,37
2008/2/22,9,23,32,22,26
2008/2/25,23,1,18,4,31
2008/2/26,30,32,28,37,36
2008/2/27,33,35,1,34,6
2008/2/28,22,20,3,1,9
2008/2/29,25,38,34,8,27
2008/3/3,5,13,4,22,10
2008/3/4,11,21,19,5,12
2008/3/5,2,13,14,15,10
2008/3/6,17,3,21,15,9
2008/3/7,15,36,39,6,7
2008/3/10,13,17,16,29,31
2008/3/11,22,4,10,17,16
2008/3/12,9,37,24,36,27
2008/3/13,11,21,33,1,19
2008/3/14,2,26,6,16,28
2008/3/17,16,20,11,2,37
2008/3/18,10,31,16,20,32
2008/3/19,21,33,14,1,19
2008/3/20,6,29,3,20,22
2008/3/21,10,4,19,20,30
2008/3/24,2,5,26,29,30
2008/3/25,1,8,3,30,36
2008/3/26,9,12,13,15,31
2008/3/27,37,14,29,20,26
2008/3/28,35,7,39,14,31
2008/3/31,16,38,32,9,30
2008/4/1,6,12,35,18,16
2008/4/2,4,26,10,14,24
2008/4/3,2,18,24,36,21
2008/4/4,35,17,10,21,32
2008/4/7,16,22,7,24,6
2008/4/8,7,10,37,15,38
2008/4/9,9,21,15,13,28
2008/4/10,5,24,9,17,8
2008/4/11,5,30,37,16,34
2008/4/14,10,18,2,21,17
2008/4/15,18,31,25,6,26
2008/4/16,22,33,7,18,20
2008/4/17,5,28,22,29,19
2008/4/18,20,12,35,32,11
2008/4/21,24,15,22,33,8
2008/4/22,3,10,12,19,24
2008/4/23,7,5,21,9,4
2008/4/24,38,33,25,14,3
2008/4/25,4,7,11,19,24
2008/4/28,19,21,15,2,17
2008/4/29,7,29,11,4,8
2008/4/30,27,39,30,25,10
2008/5/1,17,25,34,5,20
2008/5/2,1,13,15,16,30
2008/5/5,33,29,19,27,16
2008/5/6,8,33,16,17,38
2008/5/7,19,4,18,35,27
2008/5/8,39,23,35,33,27
2008/5/9,5,34,24,32,26
2008/5/12,9,5,35,18,31
2008/5/13,29,36,21,31,6
2008/5/14,36,28,31,37,4
2008/5/15,18,21,11,38,27
2008/5/16,20,13,18,23,21
2008/5/19,11,10,31,28,34
2008/5/20,4,28,24,18,38
2008/5/21,20,12,35,8,34
2008/5/22,31,11,21,25,38
2008/5/23,35,11,33,34,8
2008/5/26,3,30,23,2,17
2008/5/27,38,32,31,33,30
2008/5/28,39,31,30,1,3
2008/5/29,21,34,23,14,6
2008/5/30,30,25,23,16,33
2008/6/2,32,2,29,8,6
2008/6/3,33,19,6,9,35
2008/6/4,27,33,29,19,20
2008/6/5,23,17,4,27,29
2008/6/6,28,31,20,7,11
2008/6/9,16,20,35,27,7
2008/6/10,3,9,35,26,25
2008/6/11,19,11,7,20,14
2008/6/12,17,12,35,39,29
2008/6/13,1,33,38,9,4
2008/6/16,30,21,33,25,28
2008/6/17,1,4,10,16,37
2008/6/18,18,5,30,19,16
2008/6/19,29,11,18,6,4
2008/6/20,6,12,17,23,5
2008/6/23,17,14,29,18,24
2008/6/24,7,13,5,27,35
2008/6/25,28,34,6,7,18
2008/6/26,1,9,17,22,24
2008/6/27,34,12,19,6,22
2008/6/30,20,31,36,37,5
2008/7/1,6,35,10,36,9
2008/7/2,14,10,33,27,39
2008/7/3,37,18,1,16,4
2008/7/4,31,33,20,39,25
2008/7/7,9,16,20,38,37
2008/7/8,23,20,8,3,5
2008/7/9,1,11,17,21,34
2008/7/10,16,22,13,34,26
2008/7/11,34,5,30,10,12
2008/7/14,2,9,32,33,37
2008/7/15,27,25,28,20,2
2008/7/16,3,17,8,30,16
2008/7/17,27,2,8,20,25
2008/7/18,23,9,19,39,13
2008/7/21,5,10,17,23,19
2008/7/22,5,21,19,6,28
2008/7/23,18,30,4,22,26
2008/7/24,11,38,13,8,1
2008/7/25,32,26,8,17,28
2008/7/28,15,26,24,22,36
2008/7/29,38,13,6,32,12
2008/7/30,6,17,10,28,34
2008/7/31,24,31,3,39,20
2008/8/1,10,23,36,1,29
2008/8/4,9,17,25,11,14
2008/8/5,10,33,3,13,20
2008/8/6,27,22,33,38,30
2008/8/7,26,8,15,11,25
2008/8/8,6,14,1,17,31
2008/8/11,14,36,6,10,4
2008/8/12,9,28,3,33,5
2008/8/13,3,34,32,29,8
2008/8/14,25,39,28,22,18
2008/8/15,7,23,34,38,4
2008/8/18,27,32,23,2,4
2008/8/19,37,8,31,14,20
2008/8/20,30,17,31,37,35
2008/8/21,28,13,23,37,12
2008/8/22,3,1,10,9,20
2008/8/25,11,21,35,24,20
2008/8/26,28,4,30,11,6
2008/8/27,2,18,38,1,13
2008/8/28,33,37,1,31,16
2008/8/29,38,21,14,28,11
2008/9/1,28,27,37,15,26
2008/9/2,20,6,21,4,35
2008/9/3,1,5,33,28,32
2008/9/4,37,3,13,30,39
2008/9/5,15,20,4,31,34
2008/9/8,37,10,31,1,18
2008/9/9,24,38,8,28,39
2008/9/10,28,16,2,33,32
2008/9/11,34,29,10,12,35
2008/9/12,12,6,3,10,26
2008/9/15,37,11,2,16,26
2008/9/16,14,10,4,17,25
2008/9/17,37,33,8,16,36
2008/9/18,25,34,15,27,35
2008/9/19,27,2,17,23,13
2008/9/22,15,25,33,16,10
2008/9/23,24,9,34,25,30
2008/9/24,27,6,19,30,18
2008/9/25,16,32,1,13,23
2008/9/26,34,27,39,12,5
2008/9/29,37,4,22,13,19
2008/9/30,19,2,32,15,3
2008/10/1,15,25,13,34,23
2008/10/2,3,35,12,4,19
2008/10/3,36,7,21,27,23
2008/10/6,32,12,16,24,5
2008/10/7,30,10,18,19,23
2008/10/8,2,15,32,34,37
2008/10/9,20,1,37,4,19
2008/10/10,8,1,36,25,6
2008/10/13,11,14,13,6,10
2008/10/14,38,14,35,2,15
2008/10/15,8,26,3,23,4
2008/10/16,23,38,14,32,10
2008/10/17,6,30,3,38,4
2008/10/20,3,31,24,4,5
2008/10/21,8,14,21,25,28
2008/10/22,9,21,33,11,16
2008/10/23,39,37,36,8,34
2008/10/24,32,24,21,38,5
2008/10/27,32,3,31,18,33
2008/10/28,15,28,3,4,38
2008/10/29,26,19,18,17,30
2008/10/30,32,5,26,9,17
2008/10/31,5,29,38,31,35
2008/11/3,27,23,11,33,36
2008/11/4,10,15,25,9,5
2008/11/5,1,34,31,37,24
2008/11/6,8,1,35,12,13
2008/11/7,28,7,3,5,22
2008/11/10,19,31,4,26,30
2008/11/11,33,8,32,39,23
2008/11/12,11,28,24,5,31
2008/11/13,25,8,26,34,23
2008/11/14,12,29,4,13,5
2008/11/17,36,19,31,17,30
2008/11/18,8,22,18,24,7
2008/11/19,29,30,33,31,34
2008/11/20,21,38,2,28,39
2008/11/21,5,27,14,23,10
2008/11/24,25,24,2,34,1
2008/11/25,12,5,15,18,29
2008/11/26,30,26,24,18,4
2008/11/27,21,8,14,28,36
2008/11/28,14,16,18,39,15
2008/12/1,5,7,36,10,19
2008/12/2,9,31,17,15,6
2008/12/3,9,28,32,8,19
2008/12/4,21,17,38,39,19
2008/12/5,5,38,7,36,31
2008/12/8,35,38,27,37,13
2008/12/9,31,28,2,26,35
2008/12/10,20,30,27,22,14
2008/12/11,10,1,17,4,14
2008/12/12,14,23,10,32,25
2008/12/15,5,2,39,33,36
2008/12/16,12,16,18,25,28
2008/12/17,14,22,5,8,11
2008/12/18,28,14,35,37,16
2008/12/19,8,12,28,24,18
2008/12/22,20,5,6,37,31
2008/12/23,3,25,20,37,11
2008/12/24,37,15,2,36,25
2008/12/25,38,18,37,8,32
2008/12/26,11,25,26,12,35
2008/12/29,36,9,34,22,20
2008/12/30,37,13,8,3,19
2008/12/31,37,39,12,8,36
2009/1/1,6,32,17,17,14
2009/1/2,30,20,38,39,12
2009/1/5,29,21,24,2,3
2009/1/6,9,2,11,10,37
2009/1/7,12,33,20,39,26
2009/1/8,32,35,28,34,27
2009/1/9,15,30,1,11,7
2009/1/12,10,22,36,20,15
2009/1/13,30,2,11,34,21
2009/1/14,14,34,38,25,4
2009/1/15,36,14,29,35,17
2009/1/16,9,25,28,35,8
2009/1/19,31,36,24,18,3
2009/1/20,32,38,26,8,5
2009/1/21,3,24,2,35,9
2009/1/22,5,4,25,21,35
2009/1/23,33,2,14,21,39
2009/1/26,31,7,2,14,39
2009/1/27,21,2,36,6,9
2009/1/28,8,29,9,26,5
2009/1/29,9,4,16,26,31
2009/1/30,16,19,38,31,30
2009/2/2,8,23,37,18,27
2009/2/3,5,30,39,31,18
2009/2/4,33,5,22,30,19
2009/2/5,16,4,19,25,7
2009/2/6,20,12,37,7,39
2009/2/9,23,6,15,12,21
2009/2/10,26,30,24,20,21
2009/2/11,17,37,18,23,5
2009/2/12,24,6,32,36,5
2009/2/13,38,4,5,32,29
2009/2/16,23,6,3,24,35
2009/2/17,25,18,36,1,9
2009/2/18,10,1,34,19,22
2009/2/19,31,23,7,9,15
2009/2/20,24,22,2,19,5
2009/2/23,32,33,15,39,22
2009/2/24,20,6,11,30,3
2009/2/25,36,28,22,16,24
2009/2/26,6,5,35,27,2
2009/2/27,13,18,1,25,9
2009/3/2,30,24,3,33,15
2009/3/3,21,19,22,1,11
2009/3/4,36,29,30,5,10
2009/3/5,1,31,25,29,38
2009/3/6,38,19,8,9,6
2009/3/9,24,10,33,21,36
2009/3/10,9,38,7,34,4
2009/3/11,12,19,36,39,32
2009/3/12,32,31,12,36,37
2009/3/13,13,3,4,25,36
2009/3/16,11,4,1,29,38
2009/3/17,5,7,37,35,13
2009/3/18,32,4,38,35,27
2009/3/19,2,30,33,31,39
2009/3/20,33,34,9,17,36
2009/3/23,28,5,27,22,24
2009/3/24,38,5,21,17,31
2009/3/25,14,15,30,32,17
2009/3/26,28,1,16,29,13
2009/3/27,24,12,39,3,9
2009/3/30,25,28,26,15,8
2009/3/31,31,20,25,34,21
2009/4/1,11,31,22,16,36
2009/4/2,13,23,29,16,31
2009/4/3,14,19,37,12,39
2009/4/6,20,35,36,16,39
2009/4/7,10,24,39,4,2
2009/4/8,3,33,8,10,26
2009/4/9,5,36,18,8,26
2009/4/10,2,32,23,3,1
2009/4/13,30,38,6,17,3
2009/4/14,29,5,3,30,21
2009/4/15,29,38,23,3,35
2009/4/16,25,11,30,4,15
2009/4/17,8,32,33,7,39
2009/4/20,37,1,39,3,29
2009/4/21,16,27,11,20,28
2009/4/22,20,2,38,17,36
2009/4/23,31,2,21,30,1
2009/4/24,28,38,36,20,11
2009/4/27,29,16,23,3,9
2009/4/28,38,36,2,7,35
2009/4/29,19,13,7,1,20
2009/4/30,37,16,27,15,22
2009/5/1,29,12,31,13,36
2009/5/4,15,12,33,29,16
2009/5/5,22,6,28,37,34
2009/5/6,5,7,35,16,39
2009/5/7,30,21,26,20,19
2009/5/8,14,34,22,33,1
2009/5/11,16,39,10,24,1
2009/5/12,34,11,1,9,31
2009/5/13,16,30,20,37,11
2009/5/14,37,9,33,10,20
2009/5/15,39,37,26,25,24
2009/5/18,13,12,3,36,38
2009/5/19,29,31,11,3,9
2009/5/20,18,23,22,9,15
2009/5/21,39,20,2,13,32
2009/5/22,11,12,3,34,27
2009/5/25,1,33,39,27,30
2009/5/26,36,7,1,34,16
2009/5/27,26,14,17,32,21
2009/5/28,34,30,9,11,38
2009/5/29,5,6,25,38,9
2009/6/1,29,21,1,31,20
2009/6/2,6,4,12,1,18
2009/6/3,24,20,8,10,37
2009/6/4,19,25,28,36,15
2009/6/5,38,14,15,2,12
2009/6/8,9,13,22,27,33
2009/6/9,34,38,31,6,23
2009/6/10,35,24,31,12,27
2009/6/11,15,19,25,33,14
2009/6/12,19,34,33,4,35
2009/6/15,21,13,27,7,18
2009/6/16,4,20,19,6,15
2009/6/17,12,36,7,27,16
2009/6/18,19,24,11,29,1
2009/6/19,18,12,37,21,6
2009/6/22,25,10,34,21,17
2009/6/23,17,31,32,20,21
2009/6/24,34,16,21,38,22
2009/6/25,38,28,2,19,10
2009/6/26,15,13,20,39,27
2009/6/29,9,3,7,24,15
2009/6/30,11,31,21,1,29
2009/7/1,11,9,32,25,33
2009/7/2,31,25,30,10,4
2009/7/3,4,29,14,35,2
2009/7/6,6,23,7,13,3
2009/7/7,27,1,22,36,30
2009/7/8,12,13,22,24,33
2009/7/9,6,37,21,17,35
2009/7/10,3,31,15,26,25
2009/7/13,36,14,16,31,37
2009/7/14,3,4,23,15,7
2009/7/15,37,5,2,27,36
2009/7/16,2,21,10,39,37
2009/7/17,6,3,1,33,15
2009/7/20,9,8,38,17,4
2009/7/21,25,3,32,24,17
2009/7/22,13,3,6,10,22
2009/7/23,1,32,3,24,39
2009/7/24,30,14,33,34,28
2009/7/27,8,36,38,5,37
2009/7/28,19,13,3,21,37
2009/7/29,24,2,33,15,23
2009/7/30,3,18,9,38,34
2009/7/31,13,14,16,17,32
2009/8/3,20,23,26,6,1
2009/8/4,18,14,10,12,34
2009/8/5,10,37,25,29,2
2009/8/6,33,16,28,32,17
2009/8/7,1,14,25,37,8
2009/8/10,23,39,19,3,12
2009/8/11,32,5,18,22,23
2009/8/12,32,17,37,8,5
2009/8/13,11,17,15,8,31
2009/8/14,37,28,8,30,25
2009/8/17,10,38,34,1,25
2009/8/18,26,6,17,7,15
2009/8/19,36,20,35,14,6
2009/8/20,9,34,16,12,14
2009/8/21,26,17,28,31,23
2009/8/24,18,1,22,39,27
2009/8/25,7,17,14,37,29
2009/8/26,17,10,26,7,19
2009/8/27,24,26,28,29,37
2009/8/28,16,9,29,24,21
2009/8/31,16,20,5,1,38
2009/9/1,35,22,15,2,32
2009/9/2,38,34,7,2,4
2009/9/3,10,23,17,39,26
2009/9/4,22,38,9,27,17
2009/9/7,22,29,27,9,11
2009/9/8,11,31,26,1,27
2009/9/9,26,22,1,31,29
2009/9/10,26,16,15,13,18
2009/9/11,16,25,32,33,26
2009/9/14,26,14,27,13,8
2009/9/15,31,27,6,14,30
2009/9/16,38,8,23,27,28
2009/9/17,30,23,39,7,19
2009/9/18,38,22,12,11,15
2009/9/21,24,34,27,14,4
2009/9/22,9,27,32,14,18
2009/9/23,9,37,13,3,38
2009/9/24,2,37,10,9,21
2009/9/25,14,20,5,16,3
2009/9/28,33,6,31,32,26
2009/9/29,34,32,31,24,11
2009/9/30,16,23,7,11,5
2009/10/1,31,35,7,24,14
2009/10/2,31,36,14,24,26
2009/10/5,23,24,18,20,30
2009/10/6,22,29,18,25,15
2009/10/7,5,3,8,9,35
2009/10/8,33,2,34,26,31
2009/10/9,35,28,38,8,1
2009/10/12,2,29,9,17,27
2009/10/13,24,13,31,6,26
2009/10/14,10,3,26,23,9
2009/10/15,7,13,28,18,38
2009/10/16,23,2,11,19,16
2009/10/19,12,20,36,34,23
2009/10/20,30,10,17,11,15
2009/10/21,23,39,21,36,15
2009/10/22,24,31,32,10,7
2009/10/23,23,15,2,21,37
2009/10/26,23,17,29,6,37
2009/10/27,29,6,25,19,22
2009/10/28,34,18,27,13,1
2009/10/29,15,3,26,17,6
2009/10/30,38,14,37,22,5
2009/11/2,17,23,26,3,4
2009/11/3,32,30,39,7,35
2009/11/4,10,35,2,9,27
2009/11/5,15,5,11,39,26
2009/11/6,20,35,21,10,8
2009/11/9,31,6,18,17,37
2009/11/10,26,27,12,8,30
2009/11/11,13,28,33,39,37
2009/11/12,38,28,22,26,12
2009/11/13,28,5,1,31,34
2009/11/16,36,35,34,16,11
2009/11/17,19,28,6,32,2
2009/11/18,37,14,5,15,26
2009/11/19,25,23,22,31,34
2009/11/20,17,5,10,28,38
2009/11/23,39,5,25,32,37
2009/11/24,10,23,18,17,3
2009/11/25,18,11,6,37,10
2009/11/26,28,14,9,27,38
2009/11/27,38,15,31,24,7
2009/11/30,30,29,13,10,22
2009/12/1,2,29,8,7,25
2009/12/2,14,25,38,36,33
2009/12/3,23,21,8,4,18
2009/12/4,34,37,15,17,14
2009/12/7,33,10,9,25,31
2009/12/8,5,35,15,11,1
2009/12/9,16,7,35,29,37
2009/12/10,24,15,7,28,14
2009/12/11,26,27,29,9,6
2009/12/14,10,28,6,27,16
2009/12/15,35,19,30,26,25
2009/12/16,30,39,37,10,19
2009/12/17,37,21,39,4,15
2009/12/18,21,37,5,25,20
2009/12/21,32,26,22,18,29
2009/12/22,5,2,17,7,10
2009/12/23,2,30,15,8,35
2009/12/24,20,2,11,19,36
2009/12/25,19,17,15,2,28
2009/12/28,13,3,5,10,29
2009/12/29,27,18,5,35,28
2009/12/30,31,7,34,13,12
2009/12/31,7,21,39,31,6
2010/1/1,5,23,27,4,3
2010/1/4,4,27,31,19,14
2010/1/5,5,27,15,35,3
2010/1/6,37,25,11,28,39
2010/1/7,30,24,26,6,34
2010/1/8,18,11,30,17,16
2010/1/11,19,27,29,24,17
2010/1/12,19,37,27,1,30
2010/1/13,39,33,8,16,36
2010/1/14,33,28,16,12,32
2010/1/15,31,32,38,29,13
2010/1/18,14,36,5,33,38
2010/1/19,23,25,32,10,11
2010/1/20,33,28,39,19,14
2010/1/21,11,18,29,7,37
2010/1/22,18,1,25,12,35
2010/1/25,31,12,22,19,23
2010/1/26,2,5,6,9,23
2010/1/27,38,7,8,25,14
2010/1/28,1,11,32,36,3
2010/1/29,11,17,30,22,15
2010/2/1,30,2,35,7,22
2010/2/2,5,20,38,16,37
2010/2/3,15,32,38,35,3
2010/2/4,16,11,2,25,4
2010/2/5,5,21,15,1,25
2010/2/8,27,39,35,13,31
2010/2/9,6,24,4,26,32
2010/2/10,19,13,7,38,36
2010/2/11,23,9,6,31,27
2010/2/12,21,26,38,23,11
2010/2/15,2,11,28,9,1
2010/2/16,18,19,39,27,35
2010/2/17,4,7,34,28,8
2010/2/18,11,26,9,39,24
2010/2/19,6,22,21,32,24
2010/2/22,15,9,2,26,22
2010/2/23,9,36,27,33,20
2010/2/24,17,16,28,5,39
2010/2/25,4,13,27,37,9
2010/2/26,32,18,25,9,19
2010/3/1,34,3,6,10,25
2010/3/2,29,20,8,7,25
2010/3/3,33,26,7,15,4
2010/3/4,2,21,5,10,34
2010/3/5,20,39,11,14,35
2010/3/8,19,7,11,27,21
2010/3/9,14,11,12,5,28
2010/3/10,16,7,30,39,2
2010/3/11,17,3,1,38,30
2010/3/12,19,22,10,1,28
2010/3/15,25,18,22,10,4
2010/3/16,6,4,10,33,37
2010/3/17,28,3,34,38,33
2010/3/18,6,3,25,24,37
2010/3/19,35,28,17,8,29
2010/3/22,25,23,32,29,2
2010/3/23,26,34,18,9,32
2010/3/24,35,30,34,32,31
2010/3/25,13,26,39,34,9
2010/3/26,9,22,10,37,12
2010/3/29,34,12,18,10,14
2010/3/30,25,31,16,21,33
2010/3/31,9,19,1,12,28
2010/4/1,17,2,38,37,35
2010/4/2,7,31,20,23,39
2010/4/5,37,18,35,7,17
2010/4/6,36,28,25,37,29
2010/4/7,32,29,36,16,4
2010/4/8,15,26,17,10,8
2010/4/9,36,18,5,23,14
2010/4/12,30,15,12,35,24
2010/4/13,12,9,27,22,21
2010/4/14,15,12,35,5,36
2010/4/15,23,11,1,18,4
2010/4/16,1,37,5,24,20
2010/4/19,27,19,26,3,15
2010/4/20,32,10,28,6,4
2010/4/21,25,12,21,3,2
2010/4/22,5,4,9,3,6
2010/4/23,15,8,35,36,27
2010/4/26,22,31,39,27,12
2010/4/27,13,33,29,1,19
2010/4/28,37,38,5,13,6
2010/4/29,31,14,15,35,27
2010/4/30,17,31,28,15,21
2010/5/3,16,38,5,10,19
2010/5/4,16,22,26,36,32
2010/5/5,14,34,1,30,19
2010/5/6,13,8,27,23,3
2010/5/7,8,29,30,21,9
2010/5/10,33,17,14,24,29
2010/5/11,37,25,4,12,10
2010/5/12,36,13,8,28,30
2010/5/13,26,22,11,30,9
2010/5/14,2,15,22,6,8
2010/5/17,12,2,18,33,38
2010/5/18,33,22,37,13,21
2010/5/19,37,11,13,20,1
2010/5/20,13,39,27,15,7
2010/5/21,28,35,5,21,38
2010/5/24,35,36,27,26,10
2010/5/25,5,10,7,6,14
2010/5/26,37,39,4,17,14
2010/5/27,34,32,33,2,21
2010/5/28,39,25,22,17,33
2010/5/31,31,12,39,9,15
2010/6/1,7,24,2,34,23
2010/6/2,19,39,35,13,17
2010/6/3,35,37,9,33,21
2010/6/4,30,25,15,16,38
2010/6/7,32,35,22,21,10
2010/6/8,32,2,30,9,26
2010/6/9,25,3,13,28,4
2010/6/10,17,30,12,7,37
2010/6/11,28,33,36,13,18
2010/6/14,17,37,18,31,22
2010/6/15,28,1,21,38,14
2010/6/16,19,17,9,26,39
2010/6/17,1,9,2,35,18
2010/6/18,3,20,29,33,39
2010/6/21,23,16,31,17,1
2010/6/22,24,28,27,31,22
2010/6/23,39,29,2,36,10
2010/6/24,22,6,14,11,5
2010/6/25,34,21,24,5,2
2010/6/28,34,22,27,13,23
2010/6/29,37,35,4,2,1
2010/6/30,12,39,38,34,1
2010/7/1,20,10,19,23,29
2010/7/2,4,28,2,29,30
2010/7/5,37,29,12,28,15
2010/7/6,25,23,27,4,10
2010/7/7,16,35,6,31,28
2010/7/8,20,17,37,5,34
2010/7/9,36,13,37,35,3
2010/7/12,39,33,4,11,3
2010/7/13,38,28,10,25,11
2010/7/14,5,33,19,23,21
2010/7/15,7,20,25,36,5
2010/7/16,38,34,14,28,15
2010/7/19,25,23,3,6,19
2010/7/20,4,8,11,25,33
2010/7/21,15,26,30,16,29
2010/7/22,35,34,36,8,11
2010/7/23,39,14,1,22,21
2010/7/26,39,12,21,34,15
2010/7/27,13,28,25,22,24
2010/7/28,14,7,23,22,1
2010/7/29,35,30,25,14,26
2010/7/30,7,24,14,9,28
2010/8/2,7,33,2,29,32
2010/8/3,14,32,27,33,7
2010/8/4,14,16,33,21,31
2010/8/5,34,38,17,36,26
2010/8/6,27,29,35,3,15
2010/8/9,32,26,19,9,12
2010/8/10,32,4,17,24,21
2010/8/11,39,18,34,38,6
2010/8/12,39,27,35,8,25
2010/8/13,26,30,32,28,23
2010/8/16,35,12,13,3,4
2010/8/17,5,11,17,36,2
2010/8/18,27,29,28,19,7
2010/8/19,26,9,22,28,31
2010/8/20,21,28,12,2,6
2010/8/23,38,15,36,5,6
2010/8/24,8,15,3,4,34
2010/8/25,1,31,11,34,7
2010/8/26,13,30,38,5,37
2010/8/27,33,12,23,6,2
2010/8/30,4,20,35,34,12
2010/8/31,8,33,34,10,28
2010/9/1,7,18,16,34,39
2010/9/2,23,28,38,8,25
2010/9/3,6,11,36,22,13
2010/9/6,18,39,16,36,35
2010/9/7,32,1,28,12,11
2010/9/8,33,14,38,29,3
2010/9/9,34,12,18,14,5
2010/9/10,31,23,5,13,15
2010/9/13,31,24,6,15,3
2010/9/14,36,9,24,32,5
2010/9/15,21,3,39,29,11
2010/9/16,14,6,21,3,12
2010/9/17,5,35,25,9,2
2010/9/20,15,8,28,3,9
2010/9/21,2,34,30,8,12
2010/9/22,36,8,23,18,33
2010/9/23,15,28,36,30,31
2010/9/24,2,33,9,21,13
2010/9/27,30,25,4,39,33
2010/9/28,14,35,37,31,26
2010/9/29,24,14,2,37,34
2010/9/30,14,5,16,24,34
2010/10/1,28,35,27,24,13
2010/10/4,13,9,35,34,20
2010/10/5,14,23,28,33,18
2010/10/6,22,29,20,14,16
2010/10/7,19,2,32,39,33
2010/10/8,31,4,18,29,16
2010/10/11,7,6,24,1,35
2010/10/12,39,9,1,8,23
2010/10/13,21,24,9,30,11
2010/10/14,27,28,5,17,29
2010/10/15,24,1,25,4,12
2010/10/18,12,27,32,5,30
2010/10/19,36,30,23,21,27
2010/10/20,11,37,9,15,29
2010/10/21,23,18,27,15,17
2010/10/22,1,3,11,32,19
2010/10/25,2,5,36,30,6
2010/10/26,11,12,8,18,15
2010/10/27,7,27,35,2,15
2010/10/28,6,37,12,33,1
2010/10/29,7,38,11,2,17
2010/11/1,29,16,9,15,21
2010/11/2,4,20,6,13,19
2010/11/3,33,31,30,24,32
2010/11/4,1,26,21,39,8
2010/11/5,24,4,5,1,37
2010/11/8,4,15,38,12,8
2010/11/9,38,31,19,14,4
2010/11/10,33,28,7,36,25
2010/11/11,9,36,34,24,5
2010/11/12,16,21,23,8,6
2010/11/15,6,22,39,5,32
2010/11/16,24,14,29,26,6
2010/11/17,20,13,28,15,36
2010/11/18,7,30,1,18,31
2010/11/19,9,13,7,20,24
2010/11/22,8,36,35,4,25
2010/11/23,33,1,38,27,39
2010/11/24,24,10,25,16,1
2010/11/25,39,12,19,13,3
2010/11/26,20,4,17,9,18
2010/11/29,3,35,31,19,15
2010/11/30,32,14,4,12,19
2010/12/1,33,3,18,22,23
2010/12/2,13,30,16,18,29
2010/12/3,16,31,35,3,32
2010/12/6,34,18,20,16,7
2010/12/7,33,25,28,12,3
2010/12/8,20,28,17,36,1
2010/12/9,34,12,33,13,29
2010/12/10,14,30,35,25,15
2010/12/13,20,38,27,37,15
2010/12/14,1,30,11,24,25
2010/12/15,5,9,32,28,20
2010/12/16,22,38,37,2,21
2010/12/17,9,29,12,5,16
2010/12/20,22,28,19,36,21
2010/12/21,39,20,34,21,8
2010/12/22,17,33,6,1,12
2010/12/23,9,11,8,2,6
2010/12/24,10,38,12,34,16
2010/12/27,3,26,15,24,34
2010/12/28,38,22,11,19,28
2010/12/29,35,6,23,20,26
2010/12/30,8,23,12,28,29
2010/12/31,25,32,30,22,34
2011/1/1,13,25,2,24,36
2011/1/3,13,25,35,20,11
2011/1/4,8,36,16,6,10
2011/1/5,32,5,26,19,29
2011/1/6,28,32,36,31,7
2011/1/7,11,10,18,34,38
2011/1/8,18,3,14,10,35
2011/1/10,4,10,20,39,32
2011/1/11,9,13,37,3,25
2011/1/12,4,32,21,1,2
2011/1/13,32,23,14,31,5
2011/1/14,36,14,27,8,28
2011/1/15,36,18,17,8,30
2011/1/17,5,28,17,36,2
2011/1/18,3,22,37,5,11
2011/1/19,22,29,20,18,33
2011/1/20,4,15,26,28,31
2011/1/21,18,39,31,23,36
2011/1/22,24,3,20,37,23
2011/1/24,25,4,19,6,10
2011/1/25,15,29,14,21,18
2011/1/26,19,12,35,7,25
2011/1/27,20,14,18,37,5
2011/1/28,15,38,33,39,24
2011/1/29,35,22,5,20,38
2011/1/31,36,16,25,21,9
2011/2/1,39,18,23,32,26
2011/2/2,8,26,22,16,6
2011/2/3,39,24,12,11,22
2011/2/4,32,37,9,17,25
2011/2/5,38,30,32,8,37
2011/2/7,37,2,19,28,13
2011/2/8,4,28,24,35,19
2011/2/9,17,39,36,22,5
2011/2/10,10,28,2,30,3
2011/2/11,39,28,26,29,18
2011/2/12,12,27,17,22,26
2011/2/14,38,27,7,19,1
2011/2/15,30,11,18,37,3
2011/2/16,36,21,2,8,22
2011/2/17,33,37,34,29,25
2011/2/18,6,3,24,23,8
2011/2/19,23,13,26,37,8
2011/2/21,30,33,19,11,26
2011/2/22,7,38,36,26,34
2011/2/23,37,24,4,1,17
2011/2/24,18,11,5,14,20
2011/2/25,24,38,8,31,13
2011/2/26,4,18,8,25,22
2011/2/28,7,35,20,1,17
2011/3/1,30,38,36,6,37
2011/3/2,7,34,27,23,14
2011/3/3,3,38,21,7,4
2011/3/4,8,36,39,12,33
2011/3/5,33,6,2,14,37
2011/3/7,32,10,6,8,28
2011/3/8,12,18,11,36,2
2011/3/9,34,7,8,32,31
2011/3/10,9,35,25,24,4
2011/3/11,5,9,38,14,25
2011/3/12,28,15,37,13,25
2011/3/14,5,19,16,35,28
2011/3/15,31,23,6,9,39
2011/3/16,33,16,9,34,20
2011/3/17,21,23,30,11,29
2011/3/18,33,22,36,38,39
2011/3/19,9,25,2,29,13
2011/3/21,5,38,11,14,29
2011/3/22,8,29,39,27,18
2011/3/23,5,21,14,13,12
2011/3/24,17,30,4,18,34
2011/3/25,7,26,23,22,39
2011/3/26,19,6,35,23,2
2011/3/28,27,6,28,25,29
2011/3/29,31,18,35,4,28
2011/3/30,32,1,3,16,27
2011/3/31,33,22,21,29,36
2011/4/1,28,31,6,36,7
2011/4/2,19,33,34,2,12
2011/4/4,22,5,31,18,7
2011/4/5,11,13,7,39,10
2011/4/6,13,20,23,17,11
2011/4/7,21,4,35,22,7
2011/4/8,10,13,25,18,33
2011/4/9,34,10,5,26,28
2011/4/11,32,21,9,3,31
2011/4/12,35,5,12,37,21
2011/4/13,6,11,30,26,32
2011/4/14,5,8,37,24,35
2011/4/15,8,16,11,37,30
2011/4/16,12,28,35,5,30
2011/4/18,24,4,10,30,28
2011/4/19,15,34,1,32,38
2011/4/20,5,12,35,15,2
2011/4/21,36,37,20,31,2
2011/4/22,23,14,11,9,26
2011/4/23,30,21,33,16,29
2011/4/25,14,10,32,23,6
2011/4/26,14,33,15,29,38
2011/4/27,38,6,2,39,19
2011/4/28,24,1,32,38,16
2011/4/29,38,27,36,4,28
2011/4/30,39,2,6,3,24
2011/5/2,2,36,24,33,19
2011/5/3,5,1,37,7,8
2011/5/4,2,9,24,26,11
2011/5/5,19,2,15,35,4
2011/5/6,9,4,31,32,25
2011/5/7,16,11,12,24,21
2011/5/9,12,24,38,2,33
2011/5/10,24,22,31,2,36
2011/5/11,36,7,3,35,16
2011/5/12,18,1,14,30,34
2011/5/13,23,6,13,18,3
2011/5/14,5,26,12,2,30
2011/5/16,20,18,38,31,19
2011/5/17,7,18,2,27,3
2011/5/18,9,18,39,33,22
2011/5/19,37,16,27,5,26
2011/5/20,33,36,21,37,7
2011/5/21,25,19,29,32,12
2011/5/23,14,17,33,35,15
2011/5/24,4,39,25,28,36
2011/5/25,36,16,2,37,12
2011/5/26,26,20,35,34,37
2011/5/27,1,21,12,13,25
2011/5/28,5,4,34,39,9
2011/5/30,11,36,34,1,2
2011/5/31,35,27,8,3,39
2011/6/1,15,5,29,39,11
2011/6/2,15,24,12,23,28
2011/6/3,25,15,1,24,30
2011/6/4,24,34,23,38,22
2011/6/6,9,32,31,34,22
2011/6/7,3,17,13,14,5
2011/6/8,13,29,30,23,22
2011/6/9,23,35,26,28,29
2011/6/10,36,21,4,16,25
2011/6/11,17,29,8,37,15
2011/6/13,23,38,2,9,1
2011/6/14,26,33,23,36,25
2011/6/15,14,32,26,13,15
2011/6/16,29,37,14,38,26
2011/6/17,24,35,6,16,38
2011/6/18,34,15,6,2,21
2011/6/20,19,13,9,35,14
2011/6/21,13,15,7,31,5
2011/6/22,39,23,25,19,34
2011/6/23,4,39,36,21,27
2011/6/24,26,33,23,12,25
2011/6/25,32,24,38,22,14
2011/6/27,4,12,5,15,20
2011/6/28,28,31,39,19,22
2011/6/29,1,27,35,2,5
2011/6/30,2,7,4,30,14
2011/7/1,2,1,10,17,28
2011/7/2,3,12,36,31,34
2011/7/4,6,2,30,17,1
2011/7/5,23,5,2,36,21
2011/7/6,2,9,26,34,36
2011/7/7,35,3,20,39,28
2011/7/8,18,15,38,4,8
2011/7/9,22,21,9,30,25
2011/7/11,14,18,1,3,12
2011/7/12,14,21,17,10,31
2011/7/13,36,32,21,9,14
2011/7/14,8,24,9,18,33
2011/7/15,7,14,13,20,33
2011/7/16,32,8,27,36,29
2011/7/18,39,29,2,14,12
2011/7/19,39,32,2,14,33
2011/7/20,17,31,16,39,26
2011/7/21,14,15,30,20,27
2011/7/22,3,5,10,37,15
2011/7/23,5,20,27,26,31
2011/7/25,14,5,9,35,18
2011/7/26,34,36,17,1,32
2011/7/27,21,26,20,23,33
2011/7/28,27,36,30,9,4
2011/7/29,4,3,27,20,16
2011/7/30,6,10,17,13,1
2011/8/1,12,10,19,24,1
2011/8/2,22,13,39,25,3
2011/8/3,3,39,4,14,13
2011/8/4,33,9,37,38,10
2011/8/5,14,25,33,22,18
2011/8/6,14,28,23,19,24
2011/8/8,37,18,13,15,39
2011/8/9,35,22,14,29,7
2011/8/10,17,16,20,22,26
2011/8/11,37,14,19,13,9
2011/8/12,34,20,37,29,39
2011/8/13,28,10,6,18,4
2011/8/15,38,23,36,16,33
2011/8/16,10,22,21,18,1
2011/8/17,15,20,3,28,14
2011/8/18,8,19,7,16,34
2011/8/19,13,11,38,8,30
2011/8/20,31,21,24,7,2
2011/8/22,13,27,26,38,9
2011/8/23,7,14,23,15,30
2011/8/24,13,22,16,39,35
2011/8/25,37,3,2,5,22
2011/8/26,36,32,22,28,15
2011/8/27,1,12,2,29,35
2011/8/29,34,4,21,7,11
2011/8/30,22,8,36,6,10
2011/8/31,25,34,37,6,17
2011/9/1,12,32,37,38,22
2011/9/2,18,4,3,11,10
2011/9/3,22,19,37,33,34
2011/9/5,28,35,2,22,11
2011/9/6,34,33,30,32,25
2011/9/7,23,29,9,20,27
2011/9/8,17,15,36,21,2
2011/9/9,18,14,26,28,36
2011/9/10,17,23,35,2,3
2011/9/12,18,24,12,22,39
2011/9/13,4,9,10,1,16
2011/9/14,19,16,23,36,13
2011/9/15,5,30,34,19,14
2011/9/16,23,18,13,27,38
2011/9/17,28,4,38,27,15
2011/9/19,11,22,28,5,35
2011/9/20,34,32,14,37,16
2011/9/21,5,16,7,4,15
2011/9/22,1,32,10,20,29
2011/9/23,15,2,7,25,34
2011/9/24,23,20,19,29,39
2011/9/26,8,4,29,14,33
2011/9/27,5,7,34,14,35
2011/9/28,28,27,13,16,7
2011/9/29,15,12,6,14,28
2011/9/30,21,14,4,37,27
2011/10/2,23,27,2,9,13
2011/10/3,22,31,39,16,15
2011/10/4,18,38,12,34,2
2011/10/5,23,22,36,17,33
2011/10/6,11,38,19,37,14
2011/10/7,12,30,9,33,23
2011/10/8,19,7,10,27,33
2011/10/10,18,33,2,34,20
2011/10/11,9,25,29,20,15
2011/10/12,14,33,4,34,37
2011/10/13,31,6,39,19,35
2011/10/14,17,33,1,34,24
2011/10/15,11,17,31,26,22
2011/10/17,30,38,33,39,11
2011/10/18,1,23,26,13,18
2011/10/19,15,16,23,21,29
2011/10/20,22,34,39,23,14
2011/10/21,37,21,20,33,24
2011/10/22,12,2,24,35,39
2011/10/24,34,31,27,5,21
2011/10/25,39,28,35,11,6
2011/10/26,13,1,22,36,11
2011/10/27,2,16,24,32,35
2011/10/28,16,27,2,20,11
2011/10/29,25,14,16,3,37
2011/10/31,38,12,27,16,3
2011/11/1,34,8,7,26,37
2011/11/2,38,15,10,23,16
2011/11/3,36,8,21,19,39
2011/11/4,37,21,2,33,38
2011/11/5,18,34,2,7,5
2011/11/7,34,37,16,39,7
2011/11/8,13,27,21,18,16
2011/11/9,12,20,28,23,27
2011/11/10,1,28,7,27,8
2011/11/11,4,19,11,33,22
2011/11/12,35,14,21,33,24
2011/11/14,30,5,14,3,10
2011/11/15,8,4,38,9,21
2011/11/16,27,28,29,32,12
2011/11/17,5,20,19,11,36
2011/11/18,28,37,10,26,34
2011/11/19,9,6,16,5,8
2011/11/21,4,3,9,23,25
2011/11/22,21,10,2,4,14
2011/11/23,2,36,16,28,18
2011/11/24,26,34,7,20,9
2011/11/25,9,12,6,19,30
2011/11/26,22,12,25,18,16
2011/11/28,27,5,9,15,30
2011/11/29,7,12,19,37,3
2011/11/30,24,12,21,5,22
2011/12/1,15,20,6,10,13
2011/12/2,37,1,18,24,12
2011/12/3,33,32,14,13,5
2011/12/5,26,6,15,38,31
2011/12/6,38,28,19,18,35
2011/12/7,34,13,15,12,29
2011/12/8,34,5,19,4,23
2011/12/9,33,15,27,35,24
2011/12/10,8,19,37,35,31
2011/12/12,22,16,5,7,6
2011/12/13,28,13,27,12,32
2011/12/14,6,20,18,30,5
2011/12/15,22,5,26,7,31
2011/12/16,29,13,6,27,28
2011/12/17,7,20,17,1,35
2011/12/19,8,17,28,34,7
2011/12/20,2,5,7,17,15
2011/12/21,25,7,32,2,17
2011/12/22,3,23,10,19,33
2011/12/23,32,27,1,23,10
2011/12/24,38,24,23,35,29
2011/12/26,22,30,33,27,7
2011/12/27,4,16,19,2,5
2011/12/28,20,4,24,28,3
2011/12/29,30,13,16,21,3
2011/12/30,17,5,38,15,28
2011/12/31,30,18,26,8,19
2012/1/2,16,30,35,31,32
2012/1/3,14,36,1,29,25
2012/1/4,3,31,9,16,25
2012/1/5,39,34,21,10,17
2012/1/6,29,7,8,25,15
2012/1/7,3,24,13,16,27
2012/1/9,35,4,10,14,2
2012/1/10,33,5,39,21,2
2012/1/11,38,6,39,29,19
2012/1/12,26,10,2,13,38
2012/1/13,31,35,1,17,4
2012/1/14,38,34,9,32,17
2012/1/16,9,3,28,18,29
2012/1/17,22,17,37,4,33
2012/1/18,31,22,5,4,27
2012/1/19,29,4,19,5,13
2012/1/20,28,23,30,29,18
2012/1/21,18,17,33,6,38
2012/1/23,7,2,29,18,28
2012/1/24,17,22,37,20,26
2012/1/25,9,30,39,35,26
2012/1/26,10,26,18,8,36
2012/1/27,37,31,22,9,16
2012/1/28,20,34,2,13,22
2012/1/30,21,38,33,32,8
2012/1/31,34,31,23,26,12
2012/2/1,12,4,36,32,8
2012/2/2,29,21,30,7,16
2012/2/3,8,23,33,7,39
2012/2/4,28,32,37,14,12
2012/2/6,26,1,37,25,30
2012/2/7,24,6,28,10,36
2012/2/8,8,39,26,32,3
2012/2/9,17,14,7,16,38
2012/2/10,8,17,37,7,15
2012/2/11,4,29,15,9,1
2012/2/13,2,7,26,20,6
2012/2/14,21,22,20,4,3
2012/2/15,8,12,2,33,16
2012/2/16,13,15,21,7,6
2012/2/17,36,39,17,13,32
2012/2/18,9,21,39,16,37
2012/2/20,27,7,25,28,35
2012/2/21,8,22,27,26,10
2012/2/22,30,3,25,23,32
2012/2/23,5,12,33,35,16
2012/2/24,9,38,24,34,37
2012/2/25,22,35,37,31,26
2012/2/27,18,37,12,2,26
2012/2/28,15,26,20,35,38
2012/2/29,35,30,29,14,6
2012/3/1,10,15,13,9,5
2012/3/2,10,27,20,38,3
2012/3/3,13,23,36,1,25
2012/3/5,8,11,36,27,15
2012/3/6,13,20,23,22,18
2012/3/7,19,15,4,3,20
2012/3/8,34,21,9,3,4
2012/3/9,36,30,22,27,16
2012/3/10,29,10,36,32,34
2012/3/12,4,29,35,32,24
2012/3/13,16,38,27,15,29
2012/3/14,12,6,8,7,10
2012/3/15,24,30,15,29,25
2012/3/16,36,23,20,30,10
2012/3/17,15,36,23,18,12
2012/3/19,10,29,26,35,5
2012/3/20,6,13,17,10,25
2012/3/21,32,26,27,35,22
2012/3/22,24,19,12,9,13
2012/3/23,2,30,8,19,3
2012/3/24,8,39,31,32,27
2012/3/26,24,12,37,32,15
2012/3/27,32,17,30,14,15
2012/3/28,20,31,22,12,36
2012/3/29,23,39,18,1,13
2012/3/30,3,38,9,1,2
2012/3/31,9,36,8,21,15
2012/4/2,13,27,5,3,32
2012/4/3,27,19,30,18,21
2012/4/4,39,37,11,28,24
2012/4/5,9,8,1,32,15
2012/4/6,36,21,29,17,22
2012/4/7,32,29,18,24,4
2012/4/9,9,2,13,15,25
2012/4/10,5,19,27,17,33
2012/4/11,22,4,32,16,19
2012/4/12,4,37,36,6,13
2012/4/13,37,29,1,15,38
2012/4/14,27,3,28,17,36
2012/4/16,19,3,13,11,21
2012/4/17,10,28,33,9,3
2012/4/18,33,24,38,29,30
2012/4/19,19,30,25,14,4
2012/4/20,33,2,11,18,31
2012/4/21,32,4,5,13,2
2012/4/23,36,25,34,3,20
2012/4/24,24,11,6,30,22
2012/4/25,14,33,31,21,13
2012/4/26,8,11,2,14,1
2012/4/27,15,26,32,17,8
2012/4/28,17,21,35,29,4
2012/4/30,9,8,4,32,13
2012/5/1,29,4,13,2,17
2012/5/2,24,22,39,7,3
2012/5/3,5,36,14,28,25
2012/5/4,8,19,31,4,38
2012/5/5,27,37,20,8,13
2012/5/7,17,37,24,20,22
2012/5/8,28,16,7,31,22
2012/5/9,33,23,25,17,14
2012/5/10,5,6,17,30,3
2012/5/11,18,6,25,38,20
2012/5/12,16,21,34,38,4
2012/5/14,32,34,24,15,21
2012/5/15,8,34,29,27,14
2012/5/16,16,20,3,8,35
2012/5/17,38,13,14,21,39
2012/5/18,34,12,11,4,38
2012/5/19,14,12,18,28,31
2012/5/21,23,22,19,13,6
2012/5/22,9,37,18,7,19
2012/5/23,10,6,7,39,37
2012/5/24,9,39,23,24,36
2012/5/25,6,25,10,32,16
2012/5/26,25,14,29,20,38
2012/5/28,4,32,5,1,10
2012/5/29,5,14,7,25,33
2012/5/30,7,39,20,5,10
2012/5/31,39,31,14,23,18
2012/6/1,28,36,38,1,11
2012/6/2,14,16,1,6,18
2012/6/4,17,34,9,19,13
2012/6/5,35,23,18,21,13
2012/6/6,1,13,11,29,25
2012/6/7,39,37,34,33,3
2012/6/8,3,10,2,21,27
2012/6/9,2,24,15,19,23
2012/6/11,30,37,38,34,8
2012/6/12,24,35,13,5,31
2012/6/13,17,25,9,1,5
2012/6/14,4,28,33,31,17
2012/6/15,38,31,3,4,10
2012/6/16,7,38,32,9,23
2012/6/18,9,12,18,26,14
2012/6/19,27,29,30,8,5
2012/6/20,7,23,37,5,16
2012/6/21,36,38,10,5,6
2012/6/22,16,4,11,12,8
2012/6/23,1,25,32,16,7
2012/6/25,37,4,21,33,28
2012/6/26,10,35,9,27,39
2012/6/27,21,2,37,1,6
2012/6/28,4,10,26,25,27
2012/6/29,16,25,3,37,20
2012/6/30,27,3,5,7,38
2012/7/2,6,10,13,2,27
2012/7/3,26,30,8,9,16
2012/7/4,5,28,24,35,19
2012/7/5,21,26,36,39,4
2012/7/6,26,24,29,5,25
2012/7/7,1,34,35,30,17
2012/7/9,15,3,13,4,26
2012/7/10,8,12,17,10,34
2012/7/11,18,37,6,15,34
2012/7/12,21,3,33,5,12
2012/7/13,21,13,19,15,17
2012/7/14,23,38,32,11,5
2012/7/16,7,33,31,36,37
2012/7/17,13,37,11,22,1
2012/7/18,35,4,8,28,36
2012/7/19,6,18,35,9,14
2012/7/20,11,22,29,27,31
2012/7/21,5,10,33,12,30
2012/7/23,1,38,6,22,16
2012/7/24,5,11,7,13,29
2012/7/25,27,34,37,24,22
2012/7/26,19,7,23,14,9
2012/7/27,24,37,36,9,14
2012/7/28,32,31,38,30,15
2012/7/30,23,37,17,4,25
2012/7/31,37,1,16,36,13
2012/8/1,8,33,10,36,29
2012/8/2,1,35,34,37,19
2012/8/3,21,28,22,18,2
2012/8/4,13,10,5,22,1
2012/8/6,18,30,7,29,33
2012/8/7,32,5,9,11,29
2012/8/8,33,12,39,11,18
2012/8/9,32,34,38,2,14
2012/8/10,1,18,28,23,5
2012/8/11,34,28,27,25,15
2012/8/13,4,28,39,32,17
2012/8/14,18,29,15,19,37
2012/8/15,25,4,15,7,19
2012/8/16,32,4,24,18,21
2012/8/17,24,38,33,20,19
2012/8/18,20,26,19,17,4
2012/8/20,26,37,32,39,15
2012/8/21,22,24,29,18,5
2012/8/22,26,12,1,25,7
2012/8/23,34,36,6,19,21
2012/8/24,39,13,19,31,23
2012/8/25,20,32,29,21,11
2012/8/27,2,17,14,15,6
2012/8/28,11,29,18,22,14
2012/8/29,37,2,39,8,16
2012/8/30,18,37,38,32,14
2012/8/31,34,11,29,23,37
2012/9/1,33,32,30,17,16
2012/9/3,39,23,31,27,2
2012/9/4,18,5,24,25,21
2012/9/5,7,12,18,31,5
2012/9/6,37,21,2,3,36
2012/9/7,4,2,25,6,3
2012/9/8,33,7,25,10,21
2012/9/10,37,33,7,26,17
2012/9/11,29,31,15,17,37
2012/9/12,11,1,25,7,19
2012/9/13,23,4,35,7,20
2012/9/14,30,1,39,13,16
2012/9/15,16,31,4,21,37
2012/9/17,28,39,8,35,22
2012/9/18,4,26,6,1,12
2012/9/19,9,32,2,10,4
2012/9/20,8,13,18,30,35
2012/9/21,15,36,13,23,25
2012/9/22,24,28,22,1,16
2012/9/24,30,1,15,37,14
2012/9/25,22,29,19,14,16
2012/9/26,23,36,32,2,19
2012/9/27,26,21,31,5,32
2012/9/28,35,21,37,33,25
2012/9/29,18,29,7,20,32
2012/10/1,38,27,32,33,17
2012/10/2,32,3,28,14,2
2012/10/3,3,12,24,14,2
2012/10/4,16,24,32,8,30
2012/10/5,8,5,27,13,34
2012/10/6,23,37,19,20,17
2012/10/8,6,23,13,34,11
2012/10/9,11,23,10,26,37
2012/10/10,19,27,17,36,13
2012/10/11,27,38,32,17,36
2012/10/12,19,23,31,12,25
2012/10/13,17,22,5,1,14
2012/10/15,23,19,4,15,14
2012/10/16,15,39,20,32,2
2012/10/17,35,9,14,22,20
2012/10/18,28,36,17,2,31
2012/10/19,2,25,32,27,8
2012/10/20,16,21,23,35,36
2012/10/22,17,35,27,26,25
2012/10/23,15,21,9,7,30
2012/10/24,5,27,18,32,12
2012/10/25,10,3,14,38,1
2012/10/26,14,1,6,15,34
2012/10/27,32,19,23,18,14
2012/10/29,20,15,18,10,22
2012/10/30,30,32,20,35,13
2012/10/31,11,34,26,28,35
2012/11/1,16,32,30,22,34
2012/11/2,15,31,17,4,30
2012/11/3,11,6,22,16,4
2012/11/5,23,7,5,39,29
2012/11/6,28,7,24,35,16
2012/11/7,28,14,32,4,5
2012/11/8,22,32,5,4,1
2012/11/9,31,17,33,8,7
2012/11/10,2,6,28,33,17
2012/11/12,13,26,1,38,17
2012/11/13,22,1,25,10,29
2012/11/14,14,36,15,23,3
2012/11/15,37,31,35,34,9
2012/11/16,22,31,12,21,4
2012/11/17,9,4,27,36,15
2012/11/19,6,3,22,1,30
2012/11/20,6,36,24,18,11
2012/11/21,12,17,39,25,32
2012/11/22,7,22,39,1,8
2012/11/23,12,31,22,28,16
2012/11/24,11,3,26,13,9
2012/11/26,26,35,8,5,17
2012/11/27,12,27,22,26,18
2012/11/28,26,36,9,8,38
2012/11/29,38,16,31,30,6
2012/11/30,11,28,37,27,6
2012/12/1,22,38,2,33,13
2012/12/3,26,3,27,37,34
2012/12/4,16,23,19,39,5
2012/12/5,1,12,5,19,2
2012/12/6,33,12,17,26,37
2012/12/7,18,13,30,8,31
2012/12/8,35,31,13,6,18
2012/12/10,34,37,35,26,20
2012/12/11,23,13,29,14,2
2012/12/12,18,34,24,16,2
2012/12/13,24,19,32,13,2
2012/12/14,1,35,36,15,10
2012/12/15,11,22,27,24,31
2012/12/17,25,4,36,31,3
2012/12/18,35,1,2,8,28
2012/12/19,37,29,22,18,13
2012/12/20,27,4,12,17,38
2012/12/21,32,37,8,18,34
2012/12/22,3,29,12,31,5
2012/12/24,31,9,15,20,35
2012/12/25,19,20,32,13,30
2012/12/26,31,22,27,24,8
2012/12/27,30,25,17,24,3
2012/12/28,30,17,38,28,26
2012/12/29,36,28,20,8,18
2012/12/31,5,2,31,15,16
2013/1/1,33,1,22,16,26
2013/1/2,16,35,29,5,1
2013/1/3,6,13,20,29,27
2013/1/4,25,14,17,33,16
2013/1/5,26,2,21,34,7
2013/1/7,36,21,39,31,11
2013/1/8,1,20,3,31,22
2013/1/9,31,17,22,18,33
2013/1/10,21,35,6,3,27
2013/1/11,35,24,31,39,18
2013/1/12,25,16,10,32,2
2013/1/14,4,39,5,10,6
2013/1/15,5,12,13,16,24
2013/1/16,6,29,17,16,1
2013/1/17,33,38,10,13,21
2013/1/18,29,34,19,3,37
2013/1/19,3,38,26,33,19
2013/1/21,21,8,14,17,29
2013/1/22,39,17,25,20,32
2013/1/23,18,24,10,34,5
2013/1/24,39,27,11,18,35
2013/1/25,32,16,25,37,15
2013/1/26,25,16,31,30,4
2013/1/28,22,6,9,4,33
2013/1/29,6,28,13,34,26
2013/1/30,9,39,38,28,6
2013/1/31,6,2,10,26,22
2013/2/1,14,39,10,31,23
2013/2/2,27,6,5,11,20
2013/2/4,2,33,34,37,30
2013/2/5,33,21,38,17,36
2013/2/6,34,13,14,19,21
2013/2/7,34,21,10,31,9
2013/2/8,9,12,36,8,7
2013/2/9,20,25,37,17,1
2013/2/11,39,8,9,34,38
2013/2/12,4,22,11,6,35
2013/2/13,28,27,11,1,33
2013/2/14,19,12,35,16,28
2013/2/15,18,36,34,19,10
2013/2/16,39,15,34,4,25
2013/2/18,15,20,25,7,11
2013/2/19,19,39,20,26,4
2013/2/20,4,10,20,3,24
2013/2/21,6,30,39,15,16
2013/2/22,23,27,2,38,24
2013/2/23,30,26,4,37,21
2013/2/25,4,27,8,7,5
2013/2/26,18,36,29,38,26
2013/2/27,8,1,37,30,16
2013/2/28,17,29,27,11,35
2013/3/1,17,9,19,1,3
2013/3/2,9,15,8,30,4
2013/3/4,15,23,29,32,18
2013/3/5,37,24,35,39,10
2013/3/6,4,36,19,26,39
2013/3/7,29,7,5,2,32
2013/3/8,39,28,14,26,15
2013/3/9,38,34,7,14,22
2013/3/11,2,21,6,27,33
2013/3/12,3,20,31,14,33
2013/3/13,32,5,39,34,1
2013/3/14,35,36,14,9,17
2013/3/15,39,6,28,15,9
2013/3/16,24,37,35,19,21
2013/3/18,2,23,3,30,36
2013/3/19,19,3,29,18,8
2013/3/20,23,21,2,37,9
2013/3/21,28,34,22,8,13
2013/3/22,13,5,21,31,32
2013/3/23,38,39,15,6,9
2013/3/25,10,38,11,19,17
2013/3/26,36,21,2,26,14
2013/3/27,31,19,26,27,12
2013/3/28,35,10,12,34,28
2013/3/29,11,21,39,32,30
2013/3/30,8,6,39,14,10
2013/4/1,12,3,2,25,31
2013/4/2,25,8,6,26,27
2013/4/3,14,21,11,33,16
2013/4/4,2,3,19,14,22
2013/4/5,32,1,31,27,3
2013/4/6,16,30,14,37,11
2013/4/8,17,31,27,2,14
2013/4/9,30,18,36,6,35
2013/4/10,15,18,2,20,5
2013/4/11,15,31,16,12,20
2013/4/12,1,34,9,11,18
2013/4/13,31,10,2,16,27
2013/4/15,28,12,17,1,25
2013/4/16,9,11,37,36,31
2013/4/17,25,37,18,3,4
2013/4/18,20,32,14,39,17
2013/4/19,37,10,28,21,7
2013/4/20,31,13,3,5,6
2013/4/22,34,21,3,10,1
2013/4/23,24,38,35,37,31
2013/4/24,23,28,9,37,31
2013/4/25,4,9,25,34,19
2013/4/26,28,20,11,35,4
2013/4/27,38,26,8,14,36
2013/4/29,18,37,25,8,6
2013/4/30,4,16,3,15,2
2013/5/1,34,37,3,15,16
2013/5/2,34,12,10,6,18
2013/5/3,16,13,34,21,11
2013/5/4,22,25,33,14,6
2013/5/6,36,5,37,31,25
2013/5/7,6,22,20,38,33
2013/5/8,22,39,24,2,37
2013/5/9,39,26,33,2,34
2013/5/10,2,35,8,22,16
2013/5/11,22,28,6,3,10
2013/5/13,2,4,19,10,27
2013/5/14,17,24,27,14,30
2013/5/15,6,37,26,22,34
2013/5/16,6,36,24,17,29
2013/5/17,8,20,36,30,18
2013/5/18,16,1,29,9,18
2013/5/20,24,22,6,10,5
2013/5/21,18,8,29,34,19
2013/5/22,30,22,36,11,7
2013/5/23,5,14,32,35,21
2013/5/24,22,31,11,2,12
2013/5/25,6,38,7,20,15
2013/5/27,25,22,12,14,34
2013/5/28,35,37,23,36,34
2013/5/29,22,39,21,19,32
2013/5/30,39,19,7,30,21
2013/5/31,32,31,30,9,27
2013/6/1,4,22,32,38,14
2013/6/3,30,37,1,6,11
2013/6/4,34,18,10,3,39
2013/6/5,22,15,33,36,2
2013/6/6,33,21,7,9,31
2013/6/7,11,21,8,20,10
2013/6/8,4,20,8,12,21
2013/6/10,10,36,35,2,1
2013/6/11,10,21,25,6,30
2013/6/12,1,34,37,6,39
2013/6/13,22,36,37,13,20
2013/6/14,33,39,34,13,24
2013/6/15,33,24,20,14,13
2013/6/17,12,24,6,9,38
2013/6/18,39,3,7,10,36
2013/6/19,39,23,6,3,21
2013/6/20,24,6,23,28,20
2013/6/21,15,32,19,1,12
2013/6/22,10,37,18,36,20
2013/6/24,13,9,39,2,20
2013/6/25,18,14,7,26,32
2013/6/26,31,35,8,14,2
2013/6/27,1,25,19,36,20
2013/6/28,23,9,12,3,19
2013/6/29,15,6,34,26,36
2013/7/1,11,25,17,37,33
2013/7/2,34,20,26,22,13
2013/7/3,2,4,12,10,3
2013/7/4,24,19,1,14,31
2013/7/5,10,9,25,26,20
2013/7/6,34,6,20,1,33
2013/7/8,1,32,37,24,22
2013/7/9,21,31,22,34,14
2013/7/10,35,24,17,25,36
2013/7/11,4,20,17,16,7
2013/7/12,22,37,35,27,30
2013/7/13,4,6,23,30,1
2013/7/15,10,16,22,14,36
2013/7/16,15,6,2,39,4
2013/7/17,39,1,31,15,2
2013/7/18,21,3,11,33,7
2013/7/19,25,14,36,10,18
2013/7/20,26,30,39,33,21
2013/7/22,3,35,22,15,39
2013/7/23,34,5,21,15,22
2013/7/24,26,23,4,1,34
2013/7/25,21,17,33,6,1
2013/7/26,18,4,39,5,8
2013/7/27,23,14,39,30,11
2013/7/29,37,19,14,27,33
2013/7/30,9,14,27,31,19
2013/7/31,27,24,7,28,9
2013/8/1,27,31,32,9,21
2013/8/2,23,37,17,22,33
2013/8/3,36,21,6,39,26
2013/8/5,27,15,34,9,26
2013/8/6,12,36,19,24,18
2013/8/7,39,30,7,16,27
2013/8/8,1,16,3,12,25
2013/8/9,1,5,28,34,8
2013/8/10,35,2,19,9,11
2013/8/12,25,31,30,36,22
2013/8/13,10,25,18,4,17
2013/8/14,8,4,1,23,7
2013/8/15,1,2,36,8,28
2013/8/16,22,29,6,1,13
2013/8/17,29,21,2,38,34
2013/8/19,21,25,11,31,33
2013/8/20,31,30,28,25,19
2013/8/21,26,31,15,34,11
2013/8/22,28,10,11,13,6
2013/8/23,37,14,3,39,25
2013/8/24,27,19,26,1,39
2013/8/26,29,19,22,24,36
2013/8/27,15,39,26,34,11
2013/8/28,27,24,2,5,1
2013/8/29,34,5,8,2,25
2013/8/30,7,20,18,37,21
2013/8/31,36,20,17,5,14
2013/9/2,15,21,20,31,30
2013/9/3,2,20,4,34,8
2013/9/4,34,31,12,37,21
2013/9/5,4,7,37,13,25
2013/9/6,6,34,17,24,9
2013/9/7,8,19,14,25,39
2013/9/9,3,23,29,38,6
2013/9/10,21,2,29,16,22
2013/9/11,16,9,35,34,17
2013/9/12,15,12,18,23,27
2013/9/13,39,8,24,26,2
2013/9/14,9,37,16,14,27
2013/9/16,19,3,13,34,30
2013/9/17,3,15,2,22,25
2013/9/18,17,14,15,38,29
2013/9/19,31,20,36,7,16
2013/9/20,1,23,39,32,15
2013/9/21,39,22,11,23,15
2013/9/23,22,1,21,38,35
2013/9/24,21,1,28,3,5
2013/9/25,39,8,18,10,9
2013/9/26,9,39,29,17,37
2013/9/27,2,3,28,27,36
2013/9/28,23,14,26,5,13
2013/9/30,16,31,9,24,17
2013/10/1,38,29,6,5,20
2013/10/2,23,20,5,3,36
2013/10/3,13,20,22,5,8
2013/10/4,2,25,35,14,20
2013/10/5,7,37,38,16,25
2013/10/7,3,39,24,18,30
2013/10/8,22,7,26,15,28
2013/10/9,24,22,35,19,32
2013/10/10,36,25,20,19,16
2013/10/11,3,39,21,18,38
2013/10/12,13,23,28,7,26
2013/10/14,32,30,7,16,35
2013/10/15,8,32,31,12,4
2013/10/16,7,26,38,1,20
2013/10/17,7,16,14,5,37
2013/10/18,14,6,38,28,29
2013/10/19,20,25,38,1,23
2013/10/21,14,4,29,37,39
2013/10/22,4,38,29,20,30
2013/10/23,16,9,35,36,25
2013/10/24,14,31,20,33,36
2013/10/25,4,35,33,14,22
2013/10/26,16,9,27,11,33
2013/10/28,9,33,19,17,15
2013/10/29,28,24,15,29,9
2013/10/30,39,32,9,34,38
2013/10/31,36,18,26,29,4
2013/11/1,24,23,9,30,13
2013/11/2,12,21,32,26,29
2013/11/4,31,4,26,22,17
2013/11/5,7,5,16,37,35
2013/11/6,33,22,14,3,18
2013/11/7,19,10,13,34,38
2013/11/8,14,39,21,34,15
2013/11/9,36,39,24,22,27
2013/11/11,5,21,1,19,29
2013/11/12,19,31,3,13,29
2013/11/13,29,17,32,33,38
2013/11/14,20,18,13,6,15
2013/11/15,13,3,33,8,37
2013/11/16,11,17,2,27,7
2013/11/18,15,8,3,6,1
2013/11/19,38,39,31,15,22
2013/11/20,13,35,17,33,21
2013/11/21,11,20,38,7,35
2013/11/22,39,4,5,30,16
2013/11/23,35,32,37,23,17
2013/11/25,23,18,33,6,20
2013/11/26,34,22,32,31,9
2013/11/27,4,15,39,27,37
2013/11/28,8,19,37,10,1
2013/11/29,39,22,30,16,21
2013/11/30,16,21,18,26,14
2013/12/2,34,35,36,30,8
2013/12/3,29,18,5,19,6
2013/12/4,33,26,18,37,32
2013/12/5,9,24,21,4,34
2013/12/6,29,31,4,32,20
2013/12/7,28,24,22,19,18
2013/12/9,11,5,24,33,15
2013/12/10,12,26,4,29,30
2013/12/11,4,25,38,6,18
2013/12/12,21,3,30,16,20
2013/12/13,18,32,29,15,19
2013/12/14,20,32,33,31,39
2013/12/16,17,38,32,33,35
2013/12/17,20,14,26,6,35
2013/12/18,4,15,34,2,27
2013/12/19,18,20,39,15,32
2013/12/20,13,7,28,22,32
2013/12/21,37,5,29,19,3
2013/12/23,31,27,20,18,35
2013/12/24,16,27,8,12,15
2013/12/25,17,39,33,3,4
2013/12/26,20,26,27,31,12
2013/12/27,11,16,9,35,17
2013/12/28,5,8,13,20,26
2013/12/30,33,12,5,16,1
2013/12/31,16,38,19,30,36
2014/1/1,26,13,5,34,24
2014/1/2,8,14,27,30,19
2014/1/3,10,32,27,28,37
2014/1/4,14,19,39,5,25
2014/1/6,38,13,16,31,17
2014/1/7,5,23,10,19,6
2014/1/8,6,4,33,28,17
2014/1/9,17,33,6,15,27
2014/1/10,26,16,13,39,8
2014/1/11,19,8,32,10,6
2014/1/13,35,38,10,11,13
2014/1/14,16,21,9,34,17
2014/1/15,30,36,18,3,31
2014/1/16,5,8,14,23,9
2014/1/17,31,24,22,32,37
2014/1/18,15,7,2,38,21
2014/1/20,21,31,14,34,38
2014/1/21,11,27,4,7,21
2014/1/22,31,29,19,24,25
2014/1/23,30,8,21,5,16
2014/1/24,21,34,38,37,3
2014/1/25,31,20,30,38,2
2014/1/27,28,38,30,26,27
2014/1/28,19,10,2,5,15
2014/1/29,37,25,38,17,19
2014/1/30,17,24,21,34,23
2014/1/31,19,24,8,35,23
2014/2/1,37,31,21,29,28
2014/2/3,22,3,16,8,33
2014/2/4,37,11,18,33,21
2014/2/5,38,36,39,29,28
2014/2/6,20,2,7,30,36
2014/2/7,19,5,13,32,38
2014/2/8,21,10,33,22,2
2014/2/10,6,9,28,14,11
2014/2/11,20,11,21,13,28
2014/2/12,16,29,11,13,15
2014/2/13,5,33,4,32,6
2014/2/14,3,8,37,11,21
2014/2/15,14,7,22,21,4
2014/2/17,6,16,10,34,1
2014/2/18,32,13,38,16,30
2014/2/19,2,17,8,34,5
2014/2/20,15,19,5,16,4
2014/2/21,7,10,6,37,8
2014/2/22,17,13,27,38,37
2014/2/24,27,33,12,39,13
2014/2/25,12,4,3,22,7
2014/2/26,6,21,38,35,17
2014/2/27,37,38,30,3,31
2014/2/28,23,26,20,3,24
2014/3/1,16,12,36,5,30
2014/3/3,19,38,26,30,25
2014/3/4,1,7,17,2,25
2014/3/5,13,4,36,12,1
2014/3/6,15,22,16,31,35
2014/3/7,23,22,5,16,38
2014/3/8,22,23,17,9,18
2014/3/10,2,22,13,34,35
2014/3/11,23,25,31,38,13
2014/3/12,31,38,14,29,19
2014/3/13,17,33,6,24,27
2014/3/14,14,36,15,38,1
2014/3/15,6,23,25,31,7
2014/3/17,1,23,10,4,39
2014/3/18,14,18,12,35,16
2014/3/19,7,12,11,37,2
2014/3/20,34,7,1,17,24
2014/3/21,9,14,39,3,8
2014/3/22,23,21,38,26,8
2014/3/24,5,36,17,27,39
2014/3/25,35,6,38,11,2
2014/3/26,2,34,37,17,24
2014/3/27,7,2,8,1,14
2014/3/28,11,2,1,39,9
2014/3/29,35,26,29,24,11
2014/3/31,22,2,23,34,35
2014/4/1,10,14,17,1,34
2014/4/2,11,4,7,38,20
2014/4/3,28,1,31,12,3
2014/4/4,6,24,20,9,34
2014/4/5,25,30,12,4,21
2014/4/7,39,31,5,11,9
2014/4/8,34,19,35,16,20
2014/4/9,7,16,12,31,9
2014/4/10,31,7,20,17,24
2014/4/11,11,13,8,21,16
2014/4/12,34,18,38,14,25
2014/4/14,15,37,6,5,24
2014/4/15,9,15,6,14,36
2014/4/16,3,12,29,1,33
2014/4/17,28,29,14,18,4
2014/4/18,29,37,38,19,27
2014/4/19,36,37,13,4,35
2014/4/21,33,19,27,29,20
2014/4/22,9,39,25,4,30
2014/4/23,33,16,14,7,26
2014/4/24,17,4,7,35,16
2014/4/25,33,7,39,38,5
2014/4/26,23,33,8,24,15
2014/4/28,17,38,19,3,22
2014/4/29,25,8,33,3,21
2014/4/30,26,23,5,29,6
2014/5/1,17,39,34,22,10
2014/5/2,38,8,1,11,14
2014/5/3,13,23,37,3,14
2014/5/5,8,4,21,13,37
2014/5/6,5,23,6,39,24
2014/5/7,19,21,39,12,36
2014/5/8,27,9,36,28,1
2014/5/9,39,34,25,5,36
2014/5/10,36,17,37,8,1
2014/5/12,14,9,24,11,6
2014/5/13,6,5,12,31,16
2014/5/14,14,18,28,38,3
2014/5/15,34,21,35,13,6
2014/5/16,28,9,31,33,7
2014/5/17,17,13,3,37,25
2014/5/19,19,7,8,18,27
2014/5/20,32,12,35,19,30
2014/5/21,20,11,29,7,5
2014/5/22,10,13,32,31,29
2014/5/23,16,21,18,5,20
2014/5/24,37,27,16,38,2
2014/5/26,5,19,12,2,38
2014/5/27,35,13,39,31,27
2014/5/28,20,2,12,8,27
2014/5/29,25,23,28,22,7
2014/5/30,31,1,7,18,15
2014/5/31,12,26,16,31,9
2014/6/2,36,34,26,11,13
2014/6/3,26,1,3,38,39
2014/6/4,10,13,29,4,32
2014/6/5,38,18,12,28,24
2014/6/6,5,18,30,7,34
2014/6/7,30,4,18,26,27
2014/6/9,7,17,16,32,1
2014/6/10,15,16,31,14,29
2014/6/11,31,17,11,13,1
2014/6/12,4,14,35,34,12
2014/6/13,12,19,38,37,35
2014/6/14,37,11,20,23,38
2014/6/16,2,39,16,36,14
2014/6/17,5,36,13,12,22
2014/6/18,4,12,17,23,25
2014/6/19,34,30,1,19,39
2014/6/20,16,10,24,25,4
2014/6/21,29,18,20,4,2
2014/6/23,5,36,34,19,12
2014/6/24,38,2,27,15,28
2014/6/25,14,31,30,4,13
2014/6/26,30,2,10,12,11
2014/6/27,35,39,32,25,36
2014/6/28,30,6,2,10,20
2014/6/30,6,39,13,34,30
2014/7/1,13,31,23,28,29
2014/7/2,37,10,8,26,34
2014/7/3,23,28,16,19,2
2014/7/4,32,9,35,4,22
2014/7/5,13,18,33,17,9
2014/7/7,15,35,29,13,2
2014/7/8,30,11,19,9,13
2014/7/9,17,1,16,15,35
2014/7/10,27,32,3,20,13
2014/7/11,37,34,25,3,23
2014/7/12,21,33,5,35,32
2014/7/14,26,15,17,5,10
2014/7/15,27,14,28,25,19
2014/7/16,14,32,21,18,26
2014/7/17,9,34,14,3,11
2014/7/18,9,34,36,5,25
2014/7/19,18,3,15,35,27
2014/7/21,19,1,37,7,13
2014/7/22,35,28,27,6,38
2014/7/23,11,34,7,2,12
2014/7/24,10,3,25,39,13
2014/7/25,10,17,2,20,29
2014/7/26,17,33,12,5,2
2014/7/28,25,28,7,11,26
2014/7/29,32,26,35,4,2
2014/7/30,12,23,39,37,28
2014/7/31,20,33,24,6,1
2014/8/1,18,16,9,31,5
2014/8/2,15,29,5,24,26
2014/8/4,20,10,12,23,27
2014/8/5,16,32,11,1,39
2014/8/6,38,11,8,6,15
2014/8/7,17,39,37,18,10
2014/8/8,34,18,8,31,27
2014/8/9,20,28,30,13,25
2014/8/11,5,20,28,18,38
2014/8/12,37,14,3,24,23
2014/8/13,32,12,16,23,30
2014/8/14,21,29,19,34,32
2014/8/15,12,20,3,7,39
2014/8/16,6,16,10,22,26
2014/8/18,19,35,9,18,20
2014/8/19,38,12,32,34,15
2014/8/20,39,37,9,15,26
2014/8/21,29,34,36,10,23
2014/8/22,4,18,37,38,3
2014/8/23,9,8,17,30,11
2014/8/25,34,3,23,10,13
2014/8/26,19,36,28,15,39
2014/8/27,34,10,17,18,23
2014/8/28,22,5,24,10,36
2014/8/29,4,16,20,5,11
2014/8/30,20,25,37,26,23
2014/9/1,2,15,25,11,33
2014/9/2,31,38,24,16,19
2014/9/3,10,34,17,25,33
2014/9/4,14,30,13,15,27
2014/9/5,13,32,15,37,20
2014/9/6,18,31,14,38,34
2014/9/8,30,4,39,20,17
2014/9/9,19,39,7,25,2
2014/9/10,11,16,10,17,3
2014/9/11,23,18,20,35,32
2014/9/12,20,3,17,13,31
2014/9/13,27,31,8,24,37
2014/9/15,14,13,16,18,5
2014/9/16,23,13,36,35,17
2014/9/17,38,15,26,10,1
2014/9/18,15,23,38,1,22
2014/9/19,18,10,7,36,12
2014/9/20,3,27,13,36,15
2014/9/22,5,3,4,37,7
2014/9/23,8,17,7,5,9
2014/9/24,29,38,30,28,17
2014/9/25,13,27,28,14,39
2014/9/26,38,4,39,28,26
2014/9/27,12,15,14,5,23
2014/9/29,27,16,22,3,2
2014/9/30,5,28,27,8,14
2014/10/1,37,17,38,22,12
2014/10/2,4,17,36,37,39
2014/10/3,36,23,5,35,4
2014/10/4,5,33,16,14,22
2014/10/6,36,21,20,27,25
2014/10/7,4,19,20,22,5
2014/10/8,32,2,5,6,17
2014/10/9,18,32,13,23,9
2014/10/10,11,35,19,36,31
2014/10/11,22,10,5,6,9
2014/10/13,4,14,21,27,35
2014/10/14,35,14,33,5,21
2014/10/15,29,6,30,18,9
2014/10/16,26,1,32,29,12
2014/10/17,24,37,35,18,19
2014/10/18,9,31,23,36,14
2014/10/20,33,32,23,9,4
2014/10/21,33,22,19,6,2
2014/10/22,15,28,39,19,29
2014/10/23,3,14,19,18,5
2014/10/24,33,7,25,12,37
2014/10/25,10,31,39,27,5
2014/10/27,23,3,2,37,5
2014/10/28,10,29,27,5,30
2014/10/29,34,20,15,7,18
2014/10/30,8,9,14,34,31
2014/10/31,6,27,11,38,18
2014/11/1,11,34,17,36,37
2014/11/3,34,5,12,28,29
2014/11/4,16,36,9,11,37
2014/11/5,3,38,34,29,8
2014/11/6,27,28,13,26,5
2014/11/7,27,13,17,34,36
2014/11/8,20,38,24,26,16
2014/11/10,19,37,39,11,25
2014/11/11,20,34,30,8,13
2014/11/12,5,6,12,20,9
2014/11/13,37,8,21,27,30
2014/11/14,19,1,33,22,4
2014/11/15,25,27,21,16,37
2014/11/17,8,18,16,31,19
2014/11/18,26,14,23,25,19
2014/11/19,36,29,23,27,32
2014/11/20,38,11,25,30,7
2014/11/21,2,37,36,24,38
2014/11/22,10,5,22,25,9
2014/11/24,39,18,10,25,26
2014/11/25,37,8,32,14,3
2014/11/26,7,4,36,5,15
2014/11/27,2,19,20,14,35
2014/11/28,34,30,23,39,26
2014/11/29,2,23,30,18,16
2014/12/1,37,10,12,27,20
2014/12/2,37,17,19,22,24
2014/12/3,20,35,9,23,21
2014/12/4,16,28,11,19,18
2014/12/5,16,20,36,25,14
2014/12/6,1,18,32,37,14
2014/12/8,27,2,35,24,8
2014/12/9,32,4,9,21,13
2014/12/10,30,39,11,33,3
2014/12/11,13,11,33,32,37
2014/12/12,3,36,24,17,38
2014/12/13,35,37,25,22,17
2014/12/15,23,26,20,35,17
2014/12/16,34,21,24,4,22
2014/12/17,25,26,2,4,36
2014/12/18,5,32,23,16,4
2014/12/19,17,22,15,10,27
2014/12/20,22,17,15,21,4
2014/12/22,29,8,27,17,6
2014/12/23,38,21,30,11,18
2014/12/24,36,8,19,33,24
2014/12/25,26,28,21,29,16
2014/12/26,31,7,27,34,33
2014/12/27,11,16,28,32,34
2014/12/29,39,7,26,20,19
2014/12/30,26,21,4,24,5
2014/12/31,19,26,5,33,30
2015/1/1,32,26,21,10,11
2015/1/2,28,30,9,7,18
2015/1/3,32,28,14,31,9
2015/1/5,16,9,24,10,28
2015/1/6,36,16,20,26,19
2015/1/7,12,14,13,37,36
2015/1/8,29,26,15,21,12
2015/1/9,17,11,1,8,9
2015/1/10,37,26,12,4,31
2015/1/12,24,34,7,15,37
2015/1/13,12,13,33,26,39
2015/1/14,35,19,5,30,12
2015/1/15,11,9,17,34,12
2015/1/16,28,9,33,5,16
2015/1/17,32,4,23,39,13
2015/1/19,29,10,12,38,37
2015/1/20,14,28,2,32,17
2015/1/21,18,2,35,32,16
2015/1/22,24,1,11,32,15
2015/1/23,6,8,7,16,10
2015/1/24,7,5,13,12,15
2015/1/26,21,9,1,10,2
2015/1/27,9,28,17,16,21
2015/1/28,17,1,27,30,5
2015/1/29,10,9,6,2,26
2015/1/30,28,5,29,36,13
2015/1/31,16,37,6,4,35
2015/2/2,23,17,13,39,29
2015/2/3,22,23,17,9,29
2015/2/4,1,13,28,35,36
2015/2/5,36,23,7,10,20
2015/2/6,31,30,25,2,14
2015/2/7,31,6,16,4,21
2015/2/9,28,26,39,25,12
2015/2/10,22,17,7,15,25
2015/2/11,23,5,6,29,15
2015/2/12,20,7,32,2,25
2015/2/13,33,1,4,23,16
2015/2/14,33,5,8,4,20
2015/2/16,20,31,27,14,2
2015/2/17,29,4,1,22,17
2015/2/18,7,30,17,25,12
2015/2/19,12,21,26,30,3
2015/2/20,19,15,10,9,24
2015/2/21,18,2,15,31,26
2015/2/23,38,23,24,25,4
2015/2/24,27,14,23,12,11
2015/2/25,38,25,11,5,26
2015/2/26,29,36,18,8,39
2015/2/27,1,12,30,33,16
2015/2/28,9,8,23,28,11
2015/3/2,27,23,15,19,10
2015/3/3,23,33,32,36,35
2015/3/4,35,29,20,3,11
2015/3/5,26,38,20,9,31
2015/3/6,26,10,2,1,11
2015/3/7,33,16,3,17,31
2015/3/9,38,20,12,16,28
2015/3/10,36,37,17,26,34
2015/3/11,37,15,29,10,33
2015/3/12,3,31,21,18,13
2015/3/13,33,29,30,31,32
2015/3/14,6,39,15,38,11
2015/3/16,3,15,35,18,19
2015/3/17,16,34,3,37,38
2015/3/18,6,26,21,32,27
2015/3/19,34,13,31,35,36
2015/3/20,17,10,6,22,27
2015/3/21,8,1,28,5,10
2015/3/23,13,7,3,30,16
2015/3/24,26,35,19,1,3
2015/3/25,5,36,19,32,7
2015/3/26,25,23,11,16,5
2015/3/27,29,12,27,9,5
2015/3/28,21,6,33,11,18
2015/3/30,12,26,34,3,22
2015/3/31,12,20,33,30,23
2015/4/1,5,36,7,2,1
2015/4/2,1,28,18,24,35
2015/4/3,38,12,11,33,13
2015/4/4,18,35,2,9,12
2015/4/6,27,18,12,21,10
2015/4/7,30,26,23,25,12
2015/4/8,13,5,22,11,37
2015/4/9,20,37,22,15,30
2015/4/10,30,9,18,14,3
2015/4/11,17,8,33,37,25
2015/4/13,34,12,1,3,10
2015/4/14,13,36,9,34,2
2015/4/15,38,6,17,33,32
2015/4/16,14,24,12,7,6
2015/4/17,12,39,4,24,36
2015/4/18,21,30,18,7,32
2015/4/20,5,7,1,14,17
2015/4/21,7,39,1,13,5
2015/4/22,16,12,21,35,34
2015/4/23,5,22,31,35,9
2015/4/24,33,29,2,19,17
2015/4/25,29,38,37,31,27
2015/4/27,17,32,12,22,13
2015/4/28,2,13,39,16,12
2015/4/29,38,1,29,24,7
2015/4/30,1,15,28,5,6
2015/5/1,18,5,13,11,4
2015/5/2,37,35,23,21,18
2015/5/4,28,6,25,11,21
2015/5/5,33,30,12,17,28
2015/5/6,3,17,15,23,27
2015/5/7,23,13,21,17,31
2015/5/8,33,35,16,1,14
2015/5/9,3,24,26,38,10
2015/5/11,17,24,12,9,18
2015/5/12,26,38,39,20,27
2015/5/13,23,9,20,7,33
2015/5/14,16,17,36,31,37
2015/5/15,28,6,16,23,32
2015/5/16,4,27,34,3,31
2015/5/18,4,26,16,25,35
2015/5/19,1,23,2,16,14
2015/5/20,5,12,7,6,27
2015/5/21,22,24,5,2,26
2015/5/22,16,18,27,30,17
2015/5/23,23,24,33,3,27
2015/5/25,11,28,23,30,12
2015/5/26,37,21,22,35,9
2015/5/27,11,4,6,37,36
2015/5/28,9,16,18,26,34
2015/5/29,10,35,8,36,27
2015/5/30,37,19,17,24,4
2015/6/1,20,39,2,10,28
2015/6/2,2,23,32,37,5
2015/6/3,18,32,13,22,29
2015/6/4,18,10,19,7,20
2015/6/5,29,24,5,37,17
2015/6/6,26,2,39,6,22
2015/6/8,28,5,32,31,23
2015/6/9,26,38,39,35,21
2015/6/10,32,34,5,30,29
2015/6/11,27,17,1,20,26
2015/6/12,16,30,28,31,10
2015/6/13,4,18,3,14,10
2015/6/15,37,39,35,4,27
2015/6/16,38,30,39,21,1
2015/6/17,8,13,16,30,14
2015/6/18,1,23,14,31,30
2015/6/19,12,24,11,26,23
2015/6/20,13,32,23,3,33
2015/6/22,12,30,14,6,29
2015/6/23,27,26,14,20,10
2015/6/24,14,39,24,8,29
2015/6/25,26,6,8,29,19
2015/6/26,4,39,1,33,10
2015/6/27,20,39,30,12,9
2015/6/29,17,31,35,25,22
2015/6/30,7,10,26,34,16
2015/7/1,3,28,11,2,38
2015/7/2,18,5,11,30,19
2015/7/3,17,33,9,25,14
2015/7/4,36,18,29,23,33
2015/7/6,3,14,39,24,33
2015/7/7,36,5,28,23,25
2015/7/8,34,10,12,38,13
2015/7/9,27,29,32,23,5
2015/7/10,14,2,25,15,1
2015/7/11,16,11,3,6,23
2015/7/13,1,29,24,16,14
2015/7/14,15,37,8,32,33
2015/7/15,28,20,26,39,34
2015/7/16,37,9,39,26,21
2015/7/17,23,8,26,3,15
2015/7/18,27,21,38,36,16
2015/7/20,10,37,38,35,31
2015/7/21,15,11,39,3,18
2015/7/22,37,14,4,20,19
2015/7/23,31,19,29,39,30
2015/7/24,27,31,28,19,5
2015/7/25,17,26,9,14,2
2015/7/27,30,5,13,9,3
2015/7/28,12,29,14,11,32
2015/7/29,35,8,21,32,33
2015/7/30,25,10,29,18,28
2015/7/31,38,36,32,14,16
2015/8/1,10,27,9,32,22
2015/8/3,21,24,15,20,1
2015/8/4,29,5,10,17,37
2015/8/5,31,30,27,10,5
2015/8/6,18,39,1,9,27
2015/8/7,25,36,4,2,23
2015/8/8,10,20,11,39,6
2015/8/10,27,26,5,30,24
2015/8/11,13,35,5,9,7
2015/8/12,11,26,9,32,23
2015/8/13,13,8,12,38,31
2015/8/14,16,17,4,33,6
2015/8/15,3,15,31,10,19
2015/8/17,6,30,15,31,28
2015/8/18,4,34,17,13,30
2015/8/19,1,35,36,4,39
2015/8/20,25,24,15,12,3
2015/8/21,25,38,19,28,17
2015/8/22,28,25,22,5,11
2015/8/24,25,22,28,33,8
2015/8/25,4,35,6,30,7
2015/8/26,30,24,10,17,22
2015/8/27,22,10,30,20,33
2015/8/28,20,18,4,29,6
2015/8/29,29,6,27,26,36
2015/8/31,2,33,36,34,11
2015/9/1,29,23,31,28,17
2015/9/2,12,27,31,28,2
2015/9/3,18,2,14,4,6
2015/9/4,12,32,24,13,7
2015/9/5,19,23,15,36,16
2015/9/7,21,36,25,20,23
2015/9/8,13,8,39,34,18
2015/9/9,21,8,24,13,38
2015/9/10,34,18,6,13,39
2015/9/11,39,3,13,34,27
2015/9/12,30,34,10,1,28
2015/9/14,1,24,5,7,14
2015/9/15,36,25,22,8,2
2015/9/16,39,25,2,26,3
2015/9/17,18,38,27,9,25
2015/9/18,30,1,27,23,2
2015/9/19,18,6,22,37,33
2015/9/21,18,31,1,27,10
2015/9/22,22,30,4,11,2
2015/9/23,16,31,8,33,9
2015/9/24,15,4,18,37,39
2015/9/25,23,35,2,37,21
2015/9/26,29,3,8,38,33
2015/9/28,29,1,3,25,32
2015/9/29,5,29,32,15,12
2015/9/30,22,19,9,36,21
2015/10/1,21,19,7,39,2
2015/10/2,35,13,20,4,1
2015/10/3,13,26,25,2,31
2015/10/5,34,8,14,7,17
2015/10/6,19,24,3,14,17
2015/10/7,11,38,36,28,7
2015/10/8,34,15,10,39,33
2015/10/9,7,26,12,10,39
2015/10/10,30,28,39,19,27
2015/10/12,25,20,37,10,39
2015/10/13,14,8,31,39,22
2015/10/14,4,22,10,2,36
2015/10/15,20,10,31,23,12
2015/10/16,39,31,22,33,32
2015/10/17,39,37,3,25,19
2015/10/19,34,10,37,24,22
2015/10/20,1,28,25,7,23
2015/10/21,23,1,6,25,19
2015/10/22,33,30,22,14,15
2015/10/23,23,19,8,39,11
2015/10/24,21,6,15,37,18
2015/10/26,36,6,1,16,15
2015/10/27,28,32,13,21,9
2015/10/28,8,12,21,14,39
2015/10/29,24,27,7,20,26
2015/10/30,28,29,35,25,4
2015/10/31,31,4,9,16,1
2015/11/2,34,7,22,33,3
2015/11/3,27,39,38,4,37
2015/11/4,37,19,18,31,25
2015/11/5,11,38,23,6,32
2015/11/6,22,35,27,3,18
2015/11/7,3,14,25,13,37
2015/11/9,17,1,38,20,11
2015/11/10,31,2,3,39,11
2015/11/11,15,22,1,33,6
2015/11/12,13,10,21,8,11
2015/11/13,9,26,11,30,13
2015/11/14,21,1,29,5,7
2015/11/16,31,15,25,8,1
2015/11/17,23,13,25,11,10
2015/11/18,31,2,12,11,16
2015/11/19,13,33,39,8,27
2015/11/20,4,34,17,3,32
2015/11/21,15,22,12,35,9
2015/11/23,22,34,4,13,25
2015/11/24,9,10,35,37,3
2015/11/25,19,22,6,9,2
2015/11/26,3,27,2,10,20
2015/11/27,21,39,20,13,30
2015/11/28,12,3,10,37,28
2015/11/30,13,15,19,34,6
2015/12/1,14,23,19,20,4
2015/12/2,6,37,8,33,16
2015/12/3,10,12,21,5,24
2015/12/4,19,6,34,10,28
2015/12/5,12,11,38,36,14
2015/12/7,30,34,21,10,38
2015/12/8,36,39,24,14,27
2015/12/9,16,21,2,22,23
2015/12/10,38,8,36,5,32
2015/12/11,23,24,26,10,37
2015/12/12,28,8,4,39,7
2015/12/14,26,5,34,17,1
2015/12/15,7,36,30,28,38
2015/12/16,30,21,18,36,13
2015/12/17,15,34,37,26,1
2015/12/18,4,30,7,18,34
2015/12/19,13,32,1,20,22
2015/12/21,15,14,10,7,23
2015/12/22,4,34,8,31,16
2015/12/23,1,39,11,23,3
2015/12/24,28,9,26,21,14
2015/12/25,30,26,32,16,22
2015/12/26,20,8,19,24,1
2015/12/28,34,37,5,23,3
2015/12/29,39,38,10,22,17
2015/12/30,9,35,26,14,34
2015/12/31,18,7,22,35,38
2016/1/1,2,15,1,16,14
2016/1/2,25,29,28,17,9
2016/1/4,7,12,15,6,3
2016/1/5,36,24,19,20,37
2016/1/6,31,3,36,25,5
2016/1/7,9,4,8,23,2
2016/1/8,25,31,28,6,10
2016/1/9,7,18,5,29,16
2016/1/11,24,38,9,14,25
2016/1/12,23,31,17,4,39
2016/1/13,20,24,13,2,39
2016/1/14,11,24,35,23,6
2016/1/15,4,1,5,8,37
2016/1/16,31,36,20,5,26
2016/1/18,23,12,4,16,18
2016/1/19,4,5,21,34,8
2016/1/20,21,16,12,24,18
2016/1/21,8,1,37,21,16
2016/1/22,3,27,31,35,18
2016/1/23,6,10,18,37,9
2016/1/25,30,29,11,23,16
2016/1/26,9,18,7,19,33
2016/1/27,10,36,9,19,4
2016/1/28,29,13,27,7,5
2016/1/29,29,8,6,32,20
2016/1/30,5,29,4,20,21
2016/2/1,17,21,35,15,23
2016/2/2,38,20,2,15,6
2016/2/3,39,17,35,6,7
2016/2/4,17,29,26,18,36
2016/2/5,35,34,31,32,15
2016/2/6,20,13,39,1,37
2016/2/8,33,28,8,24,21
2016/2/9,38,34,2,10,35
2016/2/10,36,8,12,7,35
2016/2/11,33,30,27,17,11
2016/2/12,39,17,14,10,30
2016/2/13,1,17,2,25,15
2016/2/15,39,30,6,5,33
2016/2/16,25,34,33,35,30
2016/2/17,20,6,16,37,34
2016/2/18,27,38,22,36,18
2016/2/19,3,32,25,2,8
2016/2/20,3,38,1,4,27
2016/2/22,34,17,14,33,36
2016/2/23,2,17,27,31,28
2016/2/24,10,35,12,20,23
2016/2/25,34,36,14,20,37
2016/2/26,3,25,28,15,10
2016/2/27,5,6,18,20,9
2016/2/29,4,2,9,36,26
2016/3/1,18,21,30,22,13
2016/3/2,1,31,9,13,27
2016/3/3,14,23,22,18,5
2016/3/4,37,29,15,8,6
2016/3/5,10,22,39,1,16
2016/3/7,6,26,3,14,20
2016/3/8,3,38,30,32,29
2016/3/9,13,36,38,5,39
2016/3/10,22,30,27,31,34
2016/3/11,16,33,2,25,28
2016/3/12,23,37,35,30,26
2016/3/14,25,28,11,33,15
2016/3/15,15,26,38,39,32
2016/3/16,32,28,38,30,33
2016/3/17,37,32,28,27,6
2016/3/18,6,23,10,20,35
2016/3/19,29,22,7,6,39
2016/3/21,14,3,8,18,6
2016/3/22,2,29,32,14,12
2016/3/23,2,27,19,7,17
2016/3/24,37,7,10,1,35
2016/3/25,22,12,30,18,14
2016/3/26,9,8,17,5,15
2016/3/28,3,28,10,32,19
2016/3/29,2,3,30,20,9
2016/3/30,27,2,5,4,33
2016/3/31,12,25,36,11,33
2016/4/1,24,25,20,2,19
2016/4/2,15,7,22,12,21
2016/4/4,5,38,39,18,32
2016/4/5,21,34,22,20,23
2016/4/6,11,9,4,35,6
2016/4/7,4,23,29,13,26
2016/4/8,21,18,13,1,19
2016/4/9,38,10,16,35,8
2016/4/11,18,1,6,24,32
2016/4/12,16,19,15,2,31
2016/4/13,17,5,3,24,18
2016/4/14,32,15,31,39,11
2016/4/15,5,14,36,22,15
2016/4/16,7,25,8,11,38
2016/4/18,6,7,9,20,33
2016/4/19,21,17,25,13,1
2016/4/20,16,19,28,9,34
2016/4/21,20,23,2,7,10
2016/4/22,6,33,23,5,8
2016/4/23,37,28,21,38,5
2016/4/25,27,29,30,1,22
2016/4/26,3,37,1,28,19
2016/4/27,14,5,3,11,34
2016/4/28,10,28,22,9,20
2016/4/29,22,15,38,21,7
2016/4/30,10,30,13,29,22
2016/5/2,16,36,21,8,13
2016/5/3,5,1,9,7,11
2016/5/4,17,8,32,13,31
2016/5/5,2,38,34,29,11
2016/5/6,36,19,38,22,35
2016/5/7,24,35,25,20,4
2016/5/9,4,17,24,18,1
2016/5/10,33,36,28,39,13
2016/5/11,7,27,38,33,2
2016/5/12,21,33,12,8,27
2016/5/13,3,5,29,21,26
2016/5/14,14,34,18,23,15
2016/5/16,34,28,27,14,17
2016/5/17,27,9,7,8,33
2016/5/18,25,9,19,16,26
2016/5/19,34,39,21,24,7
2016/5/20,23,31,36,9,4
2016/5/21,26,38,22,10,35
2016/5/23,36,14,17,32,27
2016/5/24,17,25,34,15,33
2016/5/25,33,13,1,4,32
2016/5/26,4,24,21,11,28
2016/5/27,5,2,8,10,22
2016/5/28,36,15,35,31,25
2016/5/30,17,9,26,3,27
2016/5/31,10,17,1,38,4
2016/6/1,16,23,39,15,21
2016/6/2,24,8,5,9,2
2016/6/3,28,27,25,7,35
2016/6/4,16,28,20,11,9
2016/6/6,5,37,13,15,4
2016/6/7,29,25,15,35,20
2016/6/8,34,15,31,7,23
2016/6/9,17,6,36,33,11
2016/6/10,33,21,18,30,26
2016/6/11,31,35,25,29,1
2016/6/13,10,5,6,2,9
2016/6/14,21,6,17,2,23
2016/6/15,5,35,31,16,38
2016/6/16,14,3,25,1,16
2016/6/17,7,18,22,12,33
2016/6/18,36,38,20,23,15
2016/6/20,18,17,37,25,28
2016/6/21,32,6,21,14,34
2016/6/22,16,11,31,4,32
2016/6/23,15,11,10,9,12
2016/6/24,16,10,23,11,5
2016/6/25,29,10,28,18,16
2016/6/27,31,26,29,33,13
2016/6/28,20,3,7,29,5
2016/6/29,13,38,4,31,10
2016/6/30,18,32,15,4,38
2016/7/1,25,14,7,36,27
2016/7/2,37,3,20,28,15
2016/7/4,36,28,9,37,32
2016/7/5,10,19,17,25,9
2016/7/6,8,32,34,31,11
2016/7/7,17,25,27,19,9
2016/7/8,25,29,32,24,26
2016/7/9,27,10,21,12,17
2016/7/11,35,20,9,11,8
2016/7/12,22,5,37,30,39
2016/7/13,1,17,25,5,2
2016/7/14,39,34,25,29,1
2016/7/15,16,32,33,7,25
2016/7/16,17,9,10,34,39
2016/7/18,6,28,25,19,38
2016/7/19,11,23,38,12,21
2016/7/20,33,1,15,27,11
2016/7/21,22,33,30,36,2
2016/7/22,2,10,4,18,30
2016/7/23,9,7,10,2,12
2016/7/25,8,25,22,27,14
2016/7/26,1,39,27,9,10
2016/7/27,2,32,34,14,21
2016/7/28,31,3,2,9,26
2016/7/29,32,27,3,35,39
2016/7/30,11,19,23,29,17
2016/8/1,22,5,9,38,23
2016/8/2,5,31,22,10,23
2016/8/3,11,22,32,36,25
2016/8/4,31,19,12,25,16
2016/8/5,24,36,35,11,3
2016/8/6,3,1,2,34,11
2016/8/8,36,37,30,3,12
2016/8/9,19,27,5,11,29
2016/8/10,30,14,28,29,15
2016/8/11,34,14,2,11,21
2016/8/12,34,18,26,9,4
2016/8/13,39,16,4,6,12
2016/8/15,24,16,36,29,30
2016/8/16,2,4,32,28,20
2016/8/17,18,13,11,19,39
2016/8/18,39,20,21,24,28
2016/8/19,11,20,4,13,35
2016/8/20,32,1,5,28,17
2016/8/22,15,4,27,9,22
2016/8/23,24,5,25,27,21
2016/8/24,39,38,13,1,35
2016/8/25,29,1,22,12,13
2016/8/26,18,35,7,36,10
2016/8/27,34,35,25,2,28
2016/8/29,17,28,36,10,13
2016/8/30,21,16,26,8,15
2016/8/31,21,8,17,37,9
2016/9/1,5,16,11,26,7
2016/9/2,5,30,19,6,4
2016/9/3,14,30,8,18,23
2016/9/5,8,28,30,33,11
2016/9/6,20,32,30,4,35
2016/9/7,15,14,27,37,2
2016/9/8,2,7,32,27,26
2016/9/9,23,16,18,30,11
2016/9/10,25,17,31,37,11
2016/9/12,21,6,12,29,26
2016/9/13,10,32,26,31,4
2016/9/14,11,38,16,29,15
2016/9/15,35,19,25,21,7
2016/9/16,8,12,6,29,13
2016/9/17,4,17,12,22,2
2016/9/19,35,24,18,7,16
2016/9/20,21,39,37,25,4
2016/9/21,20,9,11,5,29
2016/9/22,17,31,10,4,25
2016/9/23,20,9,24,8,5
2016/9/24,25,33,27,4,20
2016/9/26,10,14,31,20,32
2016/9/27,18,38,7,12,11
2016/9/28,27,10,38,11,14
2016/9/29,23,16,12,10,6
2016/9/30,18,34,20,32,35
2016/10/1,15,3,19,12,10
2016/10/3,30,4,17,24,19
2016/10/4,12,39,21,28,35
2016/10/5,27,9,32,22,15
2016/10/6,1,26,25,35,17
2016/10/7,19,6,16,8,15
2016/10/8,37,27,15,7,22
2016/10/10,35,16,38,20,31
2016/10/11,26,13,36,35,8
2016/10/12,7,2,35,21,22
2016/10/13,11,22,17,24,4
2016/10/14,12,22,15,2,21
2016/10/15,7,22,21,32,31
2016/10/17,34,9,27,11,39
2016/10/18,7,22,39,17,35
2016/10/19,3,15,17,22,27
2016/10/20,19,25,5,33,37
2016/10/21,3,34,15,33,28
2016/10/22,37,13,16,31,36
2016/10/24,19,27,8,10,31
2016/10/25,26,12,29,3,9
2016/10/26,10,25,32,1,34
2016/10/27,39,23,33,27,16
2016/10/28,30,12,32,20,28
2016/10/29,15,28,21,19,11
2016/10/31,13,3,31,1,17
2016/11/1,32,2,15,27,22
2016/11/2,17,29,38,36,28
2016/11/3,9,14,3,6,39
2016/11/4,34,38,37,31,32
2016/11/5,22,3,18,38,15
2016/11/7,22,30,32,10,34
2016/11/8,26,13,36,17,4
2016/11/9,7,1,12,26,32
2016/11/10,35,9,5,17,3
2016/11/11,5,8,13,15,20
2016/11/12,12,10,29,32,15
2016/11/14,29,16,19,2,25
2016/11/15,28,32,37,13,19
2016/11/16,29,5,23,12,33
2016/11/17,23,25,6,16,26
2016/11/18,33,20,13,1,24
2016/11/19,20,12,16,5,37
2016/11/21,30,16,8,17,22
2016/11/22,25,34,20,4,5
2016/11/23,8,29,16,2,20
2016/11/24,38,16,20,25,10
2016/11/25,17,7,12,31,22
2016/11/26,24,1,34,12,37
2016/11/28,18,19,9,36,8
2016/11/29,5,19,34,17,12
2016/11/30,14,22,25,4,33
2016/12/1,30,7,14,4,1
2016/12/2,32,16,17,36,33
2016/12/3,16,20,22,9,7
2016/12/5,39,8,21,13,7
2016/12/6,21,24,32,12,6
2016/12/7,17,31,7,18,12
2016/12/8,16,13,9,1,7
2016/12/9,24,33,22,5,32
2016/12/10,37,26,1,8,38
2016/12/12,22,8,2,18,39
2016/12/13,17,38,20,2,6
2016/12/14,36,37,34,15,8
2016/12/15,20,19,35,17,25
2016/12/16,2,39,10,20,13
2016/12/17,8,15,1,20,6
2016/12/19,12,2,23,33,17
2016/12/20,15,28,11,34,18
2016/12/21,2,8,19,27,3
2016/12/22,18,30,24,7,22
2016/12/23,20,32,6,37,8
2016/12/24,18,17,9,15,11
2016/12/26,29,6,7,30,3
2016/12/27,19,30,28,31,16
2016/12/28,26,20,9,18,12
2016/12/29,37,39,25,30,15
2016/12/30,38,36,13,11,29
2016/12/31,14,34,21,18,26
2017/1/2,6,15,10,14,22
2017/1/3,21,8,29,13,2
2017/1/4,22,7,9,37,11
2017/1/5,27,24,33,26,25
2017/1/6,12,38,2,6,11
2017/1/7,8,18,14,12,35
2017/1/9,30,24,9,27,16
2017/1/10,4,9,33,20,31
2017/1/11,15,7,9,24,10
2017/1/12,34,22,20,31,11
2017/1/13,24,34,22,18,4
2017/1/14,14,27,5,7,6
2017/1/16,4,30,23,5,33
2017/1/17,33,16,28,18,19
2017/1/18,20,21,36,9,37
2017/1/19,11,2,17,26,29
2017/1/20,35,8,26,36,11
2017/1/21,33,15,17,21,8
2017/1/23,13,26,4,37,30
2017/1/24,31,28,34,26,33
2017/1/25,26,7,8,18,29
2017/1/26,23,29,5,31,36
2017/1/27,37,12,3,6,1
2017/1/28,7,39,8,10,29
2017/1/30,37,22,11,4,8
2017/1/31,1,6,18,8,9
2017/2/1,25,17,13,7,15
2017/2/2,30,4,32,20,5
2017/2/3,19,25,18,36,27
2017/2/4,3,9,8,7,35
2017/2/6,36,26,10,29,24
2017/2/7,11,1,24,8,34
2017/2/8,24,8,6,39,38
2017/2/9,17,29,2,38,3
2017/2/10,32,27,22,17,5
2017/2/11,25,17,20,2,15
2017/2/13,20,5,15,21,8
2017/2/14,7,20,14,9,1
2017/2/15,18,26,20,27,32
2017/2/16,2,23,3,34,16
2017/2/17,8,31,18,10,2
2017/2/18,37,6,4,9,16
2017/2/20,15,23,29,34,2
2017/2/21,25,28,26,16,12
2017/2/22,7,37,30,17,23
2017/2/23,6,14,38,4,12
2017/2/24,31,33,6,35,28
2017/2/25,38,7,24,17,14
2017/2/27,27,37,25,34,4
2017/2/28,17,4,12,16,14
2017/3/1,35,34,20,9,1
2017/3/2,20,13,36,32,29
2017/3/3,21,7,9,22,19
2017/3/4,24,10,29,28,11
2017/3/6,28,11,12,10,13
2017/3/7,33,9,3,34,11
2017/3/8,8,19,7,28,24
2017/3/9,6,38,26,2,23
2017/3/10,34,8,30,12,10
2017/3/11,32,18,1,27,25
2017/3/13,23,33,28,12,5
2017/3/14,35,4,29,12,22
2017/3/15,31,33,17,35,21
2017/3/16,32,37,4,2,34
2017/3/17,8,15,1,14,38
2017/3/18,10,5,25,38,7
2017/3/20,1,27,39,29,18
2017/3/21,36,34,6,31,24
2017/3/22,3,27,6,9,8
2017/3/23,26,29,10,36,39
2017/3/24,6,11,32,35,15
2017/3/25,30,38,35,27,8
2017/3/27,27,2,15,11,19
2017/3/28,27,16,38,4,13
2017/3/29,8,24,5,23,19
2017/3/30,4,20,30,3,39
2017/3/31,22,18,39,17,19
2017/4/1,27,21,5,7,24
2017/4/3,23,8,19,21,35
2017/4/4,27,25,26,29,36
2017/4/5,15,30,19,12,20
2017/4/6,9,21,35,36,6
2017/4/7,23,25,32,7,20
2017/4/8,39,16,36,26,21
2017/4/10,23,32,15,27,22
2017/4/11,21,38,39,25,15
2017/4/12,25,27,23,3,34
2017/4/13,29,10,35,30,38
2017/4/14,19,2,21,36,32
2017/4/15,22,15,24,19,28
2017/4/17,31,10,14,26,11
2017/4/18,9,18,23,34,30
2017/4/19,11,9,35,4,22
2017/4/20,37,35,21,17,36
2017/4/21,30,34,19,15,23
2017/4/22,16,11,35,38,1
2017/4/24,35,3,39,29,34
2017/4/25,16,31,1,9,12
2017/4/26,13,35,34,18,3
2017/4/27,11,8,38,26,6
2017/4/28,32,15,16,22,35
2017/4/29,16,22,11,33,31
2017/5/1,16,31,36,33,24
2017/5/2,11,4,33,19,16
2017/5/3,22,18,7,35,26
2017/5/4,23,38,11,22,16
2017/5/5,14,11,21,4,20
2017/5/6,35,16,7,5,36
2017/5/8,36,35,24,38,22
2017/5/9,2,19,33,8,27
2017/5/10,6,39,27,34,5
2017/5/11,4,26,7,27,33
2017/5/12,39,7,15,2,38
2017/5/13,13,38,6,22,14
2017/5/15,16,2,25,9,34
2017/5/16,13,23,4,31,11
2017/5/17,28,30,17,29,15
2017/5/18,7,12,36,5,32
2017/5/19,6,24,10,9,25
2017/5/20,10,29,17,20,22
2017/5/22,12,16,27,3,2
2017/5/23,25,27,31,8,12
2017/5/24,25,36,9,7,21
2017/5/25,30,37,5,36,2
2017/5/26,11,32,25,27,4
2017/5/27,9,34,25,33,31
2017/5/29,22,38,36,30,26
2017/5/30,20,10,39,11,35
2017/5/31,1,33,5,8,28
2017/6/1,17,34,10,14,6
2017/6/2,22,26,5,7,3
2017/6/3,25,39,6,19,14
2017/6/5,1,28,19,16,26
2017/6/6,33,29,23,25,8
2017/6/7,30,29,15,33,19
2017/6/8,23,19,12,14,26
2017/6/9,4,31,38,39,7
2017/6/10,16,28,14,26,27
2017/6/12,22,12,11,6,19
2017/6/13,9,20,1,2,22
2017/6/14,30,3,25,37,6
2017/6/15,11,2,16,25,38
2017/6/16,37,28,34,31,17
2017/6/17,39,17,26,15,4
2017/6/19,33,39,31,13,34
2017/6/20,14,35,21,39,16
2017/6/21,20,4,26,18,10
2017/6/22,3,32,26,24,22
2017/6/23,7,6,29,19,4
2017/6/24,31,5,19,27,7
2017/6/26,26,4,5,23,19
2017/6/27,14,17,19,12,21
2017/6/28,13,36,34,2,37
2017/6/29,21,25,18,27,31
2017/6/30,5,30,28,35,11
2017/7/1,25,15,7,8,21
2017/7/3,11,20,17,36,32
2017/7/4,29,12,19,15,36
2017/7/5,10,34,12,8,32
2017/7/6,36,3,16,21,26
2017/7/7,16,15,2,25,18
2017/7/8,26,14,4,9,22
2017/7/10,13,19,4,20,24
2017/7/11,36,25,5,20,14
2017/7/12,3,36,37,29,5
2017/7/13,14,35,7,21,37
2017/7/14,32,28,23,15,16
2017/7/15,2,33,5,32,14
2017/7/17,14,8,36,23,10
2017/7/18,37,39,33,1,9
2017/7/19,29,22,33,4,20
2017/7/20,10,15,30,23,6
2017/7/21,31,2,37,5,22
2017/7/22,9,11,24,30,34
2017/7/24,2,24,19,16,27
2017/7/25,24,28,9,29,27
2017/7/26,27,20,37,29,11
2017/7/27,20,34,14,38,3
2017/7/28,25,16,35,38,37
2017/7/29,5,36,33,18,30
2017/7/31,37,8,17,35,13
2017/8/1,21,13,17,11,16
2017/8/2,18,21,17,15,13
2017/8/3,32,38,35,30,27
2017/8/4,20,38,8,14,33
2017/8/5,5,18,26,10,28
2017/8/7,38,10,12,3,13
2017/8/8,36,4,29,8,17
2017/8/9,29,32,9,30,12
2017/8/10,36,26,12,14,23
2017/8/11,20,3,10,2,30
2017/8/12,2,30,28,23,20
2017/8/14,26,25,18,14,32
2017/8/15,39,13,17,4,33
2017/8/16,2,4,36,18,7
2017/8/17,37,1,8,15,20
2017/8/18,28,29,16,6,8
2017/8/19,34,9,29,23,13
2017/8/21,8,15,12,35,36
2017/8/22,24,7,31,34,35
2017/8/23,38,31,30,26,32
2017/8/24,29,27,32,19,31
2017/8/25,36,11,27,33,16
2017/8/26,9,25,12,35,6
2017/8/28,7,11,32,14,34
2017/8/29,21,38,22,3,30
2017/8/30,17,21,12,30,38
2017/8/31,1,12,8,39,38
2017/9/1,5,23,24,19,15
2017/9/2,19,10,18,4,37
2017/9/4,29,34,21,27,5
2017/9/5,36,5,6,38,7
2017/9/6,8,33,28,5,35
2017/9/7,30,13,27,31,12
2017/9/8,36,33,15,10,5
2017/9/9,24,19,25,31,5
2017/9/11,1,26,28,37,3
2017/9/12,22,9,17,10,26
2017/9/13,30,11,28,39,31
2017/9/14,16,17,32,30,21
2017/9/15,35,4,28,7,12
2017/9/16,4,2,35,21,28
2017/9/18,25,32,3,33,34
2017/9/19,8,7,6,31,4
2017/9/20,19,37,25,38,7
2017/9/21,4,10,5,37,8
2017/9/22,16,21,12,4,10
2017/9/23,18,32,6,7,37
2017/9/25,27,36,8,3,18
2017/9/26,15,30,25,24,2
2017/9/27,30,31,29,35,10
2017/9/28,32,4,26,23,33
2017/9/29,4,23,13,2,8
2017/9/30,38,6,4,27,1
2017/10/2,19,8,25,15,18
2017/10/3,11,21,30,14,16
2017/10/4,32,6,17,26,11
2017/10/5,19,17,24,37,21
2017/10/6,3,33,11,29,28
2017/10/7,5,26,34,29,20
2017/10/9,14,5,15,10,7
2017/10/10,38,13,37,28,21
2017/10/11,17,20,30,8,19
2017/10/12,26,36,32,28,23
2017/10/13,7,15,24,34,37
2017/10/14,35,13,39,2,36
2017/10/16,35,30,22,28,38
2017/10/17,35,6,32,24,31
2017/10/18,6,18,31,9,32
2017/10/19,33,28,20,34,16
2017/10/20,2,29,7,16,33
2017/10/21,17,12,34,26,27
2017/10/23,25,3,30,11,36
2017/10/24,20,25,15,14,8
2017/10/25,17,3,27,31,23
2017/10/26,13,35,18,17,27
2017/10/27,3,22,2,7,19
2017/10/28,14,21,10,2,12
2017/10/30,2,31,36,15,21
2017/10/31,9,5,37,1,3
2017/11/1,35,38,1,18,13
2017/11/2,10,38,5,19,2
2017/11/3,13,36,28,12,4
2017/11/4,11,28,6,22,4
2017/11/6,23,20,24,28,17
2017/11/7,29,25,13,3,6
2017/11/8,5,13,20,19,21
2017/11/9,14,18,37,2,31
2017/11/10,9,22,19,29,16
2017/11/11,32,21,24,28,9
2017/11/13,2,5,25,14,8
2017/11/14,20,14,2,1,37
2017/11/15,33,26,15,2,11
2017/11/16,38,26,33,31,8
2017/11/17,24,29,5,11,12
2017/11/18,13,34,29,20,14
2017/11/20,30,34,17,24,27
2017/11/21,1,18,7,6,36
2017/11/22,33,24,21,30,17
2017/11/23,22,26,4,27,17
2017/11/24,11,26,22,7,37
2017/11/25,36,8,22,31,9
2017/11/27,1,23,38,35,5
2017/11/28,21,25,16,5,24
2017/11/29,13,4,14,16,29
2017/11/30,1,22,31,39,30
2017/12/1,21,25,24,23,11
2017/12/2,5,37,17,3,23
2017/12/4,39,8,24,18,17
2017/12/5,20,2,21,34,29
2017/12/6,4,20,19,34,28
2017/12/7,8,19,38,10,6
2017/12/8,10,30,22,5,4
2017/12/9,9,35,34,17,39
2017/12/11,28,17,34,16,18
2017/12/12,9,39,23,21,6
2017/12/13,21,33,22,11,12
2017/12/14,38,8,26,19,25
2017/12/15,14,36,37,27,30
2017/12/16,14,37,30,29,19
2017/12/18,34,7,18,3,1
2017/12/19,4,8,25,27,11
2017/12/20,38,18,10,7,34
2017/12/21,32,24,28,18,3
2017/12/22,14,1,6,34,29
2017/12/23,19,24,21,30,15
2017/12/25,21,5,33,38,11
2017/12/26,35,11,7,17,18
2017/12/27,35,34,30,3,37
2017/12/28,33,7,20,39,10
2017/12/29,15,30,10,8,4
2017/12/30,36,5,18,35,20
2018/1/1,18,1,19,24,14
2018/1/2,12,39,9,2,7
2018/1/3,18,2,6,3,10
2018/1/4,26,10,14,25,21
2018/1/5,17,4,12,30,8
2018/1/6,13,31,39,7,4
2018/1/8,34,22,32,28,2
2018/1/9,1,28,23,26,36
2018/1/10,32,6,7,13,2
2018/1/11,11,3,29,7,12
2018/1/12,11,6,16,1,37
2018/1/13,34,6,27,9,13
2018/1/15,36,6,5,15,9
2018/1/16,13,7,15,12,23
2018/1/17,26,25,12,7,9
2018/1/18,8,23,37,35,29
2018/1/19,15,20,3,5,14
2018/1/20,12,23,28,25,26
2018/1/22,32,14,35,23,34
2018/1/23,4,33,7,29,1
2018/1/24,36,27,30,37,23
2018/1/25,36,14,7,22,6
2018/1/26,24,19,27,17,2
2018/1/27,23,29,34,39,3
2018/1/29,37,19,24,31,22
2018/1/30,17,10,8,15,31
2018/1/31,2,22,1,13,39
2018/2/1,22,37,15,13,20
2018/2/2,20,13,16,10,1
2018/2/3,24,31,21,34,12
2018/2/5,5,17,22,24,23
2018/2/6,17,10,12,35,24
2018/2/7,26,31,30,3,25
2018/2/8,24,1,30,34,5
2018/2/9,31,5,7,39,32
2018/2/10,14,19,39,21,17
2018/2/12,28,4,11,16,14
2018/2/13,33,10,20,19,23
2018/2/14,2,12,39,17,7
2018/2/15,18,5,11,2,28
2018/2/16,2,8,31,1,18
2018/2/17,38,1,24,13,3
2018/2/19,38,13,25,7,33
2018/2/20,2,6,23,36,8
2018/2/21,3,34,27,13,28
2018/2/22,18,1,6,24,14
2018/2/23,2,15,5,31,17
2018/2/24,26,25,4,32,9
2018/2/26,33,7,12,35,37
2018/2/27,14,17,12,9,32
2018/2/28,2,36,14,31,25
2018/3/1,20,8,4,31,39
2018/3/2,25,27,10,37,22
2018/3/3,14,16,5,36,27
2018/3/5,15,35,27,30,24
2018/3/6,27,14,11,24,32
2018/3/7,32,1,15,8,39
2018/3/8,29,38,10,15,24
2018/3/9,25,29,1,18,13
2018/3/10,27,14,11,6,7
2018/3/12,8,1,35,33,2
2018/3/13,4,9,36,6,33
2018/3/14,21,31,2,25,30
2018/3/15,22,4,30,2,32
2018/3/16,2,28,16,37,15
2018/3/17,14,8,36,26,39
2018/3/19,7,16,19,37,36
2018/3/20,7,8,32,25,29
2018/3/21,5,36,8,22,26
2018/3/22,11,6,31,36,4
2018/3/23,33,38,6,21,34
2018/3/24,23,24,14,17,2
2018/3/26,7,23,39,32,2
2018/3/27,35,38,6,1,14
2018/3/28,36,25,15,23,30
2018/3/29,31,23,13,28,19
2018/3/30,14,9,21,33,32
2018/3/31,4,27,9,28,19
2018/4/2,8,32,18,14,23
2018/4/3,10,21,8,32,6
2018/4/4,7,26,23,38,20
2018/4/5,12,27,37,16,31
2018/4/6,15,21,38,1,35
2018/4/7,10,6,7,5,20
2018/4/9,32,34,12,36,27
2018/4/10,25,32,7,13,28
2018/4/11,27,16,29,8,30
2018/4/12,20,14,10,23,3
2018/4/13,39,8,2,22,27
2018/4/14,9,22,32,34,39
2018/4/16,21,5,7,8,22
2018/4/17,30,1,13,32,7
2018/4/18,30,16,39,29,12
2018/4/19,1,6,18,39,21
2018/4/20,39,12,23,24,25
2018/4/21,12,15,4,13,37
2018/4/23,4,36,16,38,10
2018/4/24,11,3,5,18,19
2018/4/25,15,7,4,26,10
2018/4/26,3,39,6,4,36
2018/4/27,31,10,17,37,29
2018/4/28,5,22,1,28,13
2018/4/30,32,1,21,26,15
2018/5/1,36,35,38,2,15
2018/5/2,5,19,27,35,38
2018/5/3,12,25,19,28,33
2018/5/4,4,24,2,39,3
2018/5/5,8,15,20,21,35
2018/5/7,16,2,37,18,7
2018/5/8,34,26,32,11,39
2018/5/9,2,14,19,20,29
2018/5/10,16,20,25,3,19
2018/5/11,4,31,32,22,25
2018/5/12,26,13,34,38,33
2018/5/14,33,12,20,23,39
2018/5/15,4,18,24,31,6
2018/5/16,30,17,15,27,28
2018/5/17,28,24,5,15,35
2018/5/18,9,16,35,12,29
2018/5/19,17,34,24,36,25
2018/5/21,20,29,30,21,23
2018/5/22,31,5,29,18,8
2018/5/23,14,30,8,24,35
2018/5/24,19,21,3,8,16
2018/5/25,3,23,13,4,30
2018/5/26,33,16,5,24,23
2018/5/28,3,7,16,37,5
2018/5/29,30,27,20,25,15
2018/5/30,16,34,25,29,5
2018/5/31,24,39,19,15,25
2018/6/1,21,38,16,11,34
2018/6/2,24,10,9,34,38
2018/6/4,31,23,37,6,18
2018/6/5,24,10,2,23,15
2018/6/6,22,4,34,30,15
2018/6/7,11,14,2,5,22
2018/6/8,31,36,22,26,20
2018/6/9,5,16,33,30,18
2018/6/11,20,36,37,1,10
2018/6/12,31,23,18,36,21
2018/6/13,2,5,26,19,22
2018/6/14,17,29,1,27,14
2018/6/15,16,10,9,27,37
2018/6/16,31,19,34,20,26
2018/6/18,36,4,33,16,8
2018/6/19,4,28,12,10,30
2018/6/20,33,28,16,31,1
2018/6/21,13,26,24,37,10
2018/6/22,13,14,17,9,20
2018/6/23,37,6,29,19,20
2018/6/25,30,38,37,6,22
2018/6/26,4,19,30,3,25
2018/6/27,8,16,21,17,37
2018/6/28,24,17,12,37,25
2018/6/29,5,7,34,25,36
2018/6/30,33,38,39,36,12
2018/7/2,16,21,34,11,24
2018/7/3,20,37,9,19,16
2018/7/4,19,21,34,23,22
2018/7/5,8,33,27,18,14
2018/7/6,20,25,17,13,16
2018/7/7,6,29,12,34,11
2018/7/9,18,23,22,15,17
2018/7/10,4,10,20,7,9
2018/7/11,12,10,20,14,4
2018/7/12,2,35,12,38,29
2018/7/13,16,12,32,19,24
2018/7/14,33,28,11,37,17
2018/7/16,9,34,13,32,30
2018/7/17,27,32,31,22,20
2018/7/18,8,23,5,15,19
2018/7/19,22,32,15,26,33
2018/7/20,31,26,8,5,12
2018/7/21,3,2,18,8,34
2018/7/23,1,34,33,18,7
2018/7/24,3,23,2,25,35
2018/7/25,11,8,24,30,12
2018/7/26,5,28,1,38,16
2018/7/27,26,7,33,39,15
2018/7/28,12,10,28,23,37
2018/7/30,4,14,28,27,18
2018/7/31,35,37,21,5,18
2018/8/1,5,18,29,17,26
2018/8/2,26,36,37,18,29
2018/8/3,15,37,7,9,5
2018/8/4,35,1,31,38,32
2018/8/6,34,14,13,37,16
2018/8/7,12,28,31,2,23
2018/8/8,10,33,2,27,23
2018/8/9,23,17,10,21,9
2018/8/10,7,27,19,8,6
2018/8/11,11,22,24,34,14
2018/8/13,32,5,12,25,28
2018/8/14,13,26,37,17,23
2018/8/15,39,7,16,17,14
2018/8/16,8,9,23,3,22
2018/8/17,7,3,22,13,21
2018/8/18,26,14,22,16,20
2018/8/20,10,3,15,28,22
2018/8/21,9,20,34,14,38
2018/8/22,1,36,12,31,32
2018/8/23,4,8,11,36,38
2018/8/24,29,21,15,17,27
2018/8/25,15,29,13,36,12
2018/8/27,6,15,29,21,26
2018/8/28,3,33,11,36,26
2018/8/29,34,5,38,16,15
2018/8/30,36,13,21,24,1
2018/8/31,18,2,4,6,14
2018/9/1,4,34,20,26,10
2018/9/3,36,8,35,33,28
2018/9/4,7,28,38,13,17
2018/9/5,5,31,39,1,37
2018/9/6,2,25,10,11,37
2018/9/7,23,32,19,31,27
2018/9/8,31,21,25,19,2
2018/9/10,2,21,25,37,24
2018/9/11,28,29,20,13,37
2018/9/12,4,38,28,33,15
2018/9/13,25,21,1,9,35
2018/9/14,3,12,2,39,20
2018/9/15,22,5,24,20,27
2018/9/17,22,8,23,11,26
2018/9/18,9,15,7,24,25
2018/9/19,24,32,26,1,4
2018/9/20,39,28,14,31,24
2018/9/21,34,2,12,1,27
2018/9/22,4,25,31,9,34
2018/9/24,28,21,9,22,38
2018/9/25,20,7,5,38,39
2018/9/26,2,32,26,34,38
2018/9/27,27,23,16,19,14
2018/9/28,25,19,24,11,21
2018/9/29,28,25,12,37,9
2018/10/1,23,4,25,11,36
2018/10/2,34,27,9,21,33
2018/10/3,3,15,30,38,26
2018/10/4,30,17,28,14,23
2018/10/5,28,20,15,29,18
2018/10/6,28,13,7,1,8
2018/10/8,7,25,32,29,36
2018/10/9,4,9,14,15,21
2018/10/10,9,22,2,37,14
2018/10/11,27,32,16,14,35
2018/10/12,26,25,35,24,38
2018/10/13,22,11,36,16,27
2018/10/15,39,38,34,19,28
2018/10/16,5,1,39,19,29
2018/10/17,37,39,23,30,1
2018/10/18,1,13,34,7,5
2018/10/19,6,26,25,2,14
2018/10/20,36,30,18,6,37
2018/10/22,24,21,28,8,17
2018/10/23,18,35,1,3,22
2018/10/24,6,29,39,32,31
2018/10/25,19,27,8,36,15
2018/10/26,21,22,36,38,7
2018/10/27,32,19,6,18,31
2018/10/29,34,38,20,17,14
2018/10/30,12,35,20,25,6
2018/10/31,15,12,25,28,13
2018/11/1,26,28,37,31,14
2018/11/2,34,26,1,25,23
2018/11/3,12,19,32,24,10
2018/11/5,1,26,37,17,33
2018/11/6,30,21,5,18,31
2018/11/7,31,19,13,6,10
2018/11/8,35,16,7,4,31
2018/11/9,10,30,35,33,27
2018/11/10,4,18,32,38,9
2018/11/12,6,3,18,25,38
2018/11/13,37,6,11,25,12
2018/11/14,16,29,35,25,32
2018/11/15,18,22,14,4,10
2018/11/16,33,1,38,17,13
2018/11/17,13,2,14,4,16
2018/11/19,10,36,8,2,19
2018/11/20,31,30,28,15,27
2018/11/21,27,31,19,24,39
2018/11/22,13,25,6,8,2
2018/11/23,33,17,18,8,34
2018/11/24,2,1,7,39,31
2018/11/26,13,19,35,17,4
2018/11/27,36,16,25,8,33
2018/11/28,23,37,6,4,20
2018/11/29,5,29,12,3,26
2018/11/30,39,37,4,7,12
2018/12/1,14,12,4,8,1
2018/12/3,12,18,29,28,19
2018/12/4,25,39,14,33,2
2018/12/5,16,10,31,17,4
2018/12/6,18,22,38,24,9
2018/12/7,32,15,12,29,14
2018/12/8,2,23,22,38,27
2018/12/10,9,20,31,34,16
2018/12/11,34,3,22,29,5
2018/12/12,14,12,25,22,21
2018/12/13,27,35,2,17,15
2018/12/14,36,19,33,27,35
2018/12/15,26,38,24,12,1
2018/12/17,4,7,36,5,25
2018/12/18,23,18,16,34,4
2018/12/19,20,23,28,36,8
2018/12/20,10,16,6,32,7
2018/12/21,3,33,4,30,12
2018/12/22,10,18,6,14,38
2018/12/24,39,10,9,27,20
2018/12/25,39,8,3,34,4
2018/12/26,22,12,14,26,23
2018/12/27,29,34,11,32,30
2018/12/28,14,12,10,34,37
2018/12/29,10,34,38,1,29
2018/12/31,30,21,11,27,7
2019/1/1,33,38,12,36,30
2019/1/2,18,9,39,4,5
2019/1/3,21,28,24,19,5
2019/1/4,6,21,37,8,29
2019/1/5,9,23,10,36,14
2019/1/7,20,34,4,33,8
2019/1/8,26,37,13,11,6
2019/1/9,34,27,35,21,2
2019/1/10,30,27,1,6,26
2019/1/11,38,39,4,8,18
2019/1/12,5,37,17,22,15
2019/1/14,36,1,13,16,8
2019/1/15,30,38,6,13,22
2019/1/16,39,14,25,21,18
2019/1/17,21,8,12,20,27
2019/1/18,18,12,24,22,35
2019/1/19,19,11,12,37,36
2019/1/21,20,21,6,9,12
2019/1/22,16,22,31,28,14
2019/1/23,34,14,8,26,1
2019/1/24,9,5,14,23,35
2019/1/25,6,31,2,25,30
2019/1/26,30,2,1,9,20
2019/1/28,20,24,29,13,1
2019/1/29,29,34,4,33,26
2019/1/30,3,8,13,17,38
2019/1/31,25,26,39,9,2
2019/2/1,33,18,35,29,34
2019/2/2,24,37,25,34,26
2019/2/4,7,19,24,26,3
2019/2/5,15,7,26,11,9
2019/2/6,12,4,23,1,22
2019/2/7,32,6,27,37,4
2019/2/8,12,29,28,34,31
2019/2/9,34,1,3,33,6
2019/2/11,29,21,22,13,11
2019/2/12,21,30,33,29,35
2019/2/13,5,30,26,4,12
2019/2/14,14,15,26,32,38
2019/2/15,9,10,1,31,28
2019/2/16,38,16,14,17,28
2019/2/18,39,32,1,37,28
2019/2/19,25,12,37,30,16
2019/2/20,35,21,15,18,14
2019/2/21,10,4,14,26,35
2019/2/22,29,34,9,36,33
2019/2/23,14,26,19,35,4
2019/2/25,37,27,2,19,33
2019/2/26,38,35,22,14,12
2019/2/27,8,25,34,5,13
2019/2/28,7,2,33,10,21
2019/3/1,17,25,11,13,30
2019/3/2,26,3,11,6,19
2019/3/4,9,11,39,24,13
2019/3/5,32,35,5,17,25
2019/3/6,38,16,33,23,20
2019/3/7,7,18,20,35,33
2019/3/8,17,28,7,33,8
2019/3/9,21,33,20,37,16
2019/3/11,26,6,8,16,30
2019/3/12,24,25,5,13,32
2019/3/13,30,20,12,7,39
2019/3/14,17,38,5,3,9
2019/3/15,33,15,27,32,26
2019/3/16,34,15,13,11,31
2019/3/18,32,4,38,33,31
2019/3/19,2,6,18,34,39
2019/3/20,32,24,1,19,7
2019/3/21,21,29,28,31,22
2019/3/22,18,32,33,10,16
2019/3/23,26,18,11,32,21
2019/3/25,32,26,6,13,20
2019/3/26,29,30,4,34,32
2019/3/27,23,30,22,27,39
2019/3/28,15,6,18,3,17
2019/3/29,38,3,19,33,25
2019/3/30,33,15,23,32,35
2019/4/1,22,23,14,30,6
2019/4/2,12,30,17,8,24
2019/4/3,27,34,3,39,14
2019/4/4,31,24,13,5,14
2019/4/5,28,23,6,2,21
2019/4/6,21,4,37,24,10
2019/4/8,6,16,33,20,38
2019/4/9,22,28,3,35,18
2019/4/10,31,35,28,27,7
2019/4/11,21,26,35,15,13
2019/4/12,1,31,30,23,20
2019/4/13,38,18,16,14,27
2019/4/15,3,34,24,17,32
2019/4/16,27,37,26,8,14
2019/4/17,25,36,17,38,28
2019/4/18,7,14,20,27,30
2019/4/19,10,21,6,15,16
2019/4/20,18,21,34,33,24
2019/4/22,6,1,25,36,15
2019/4/23,39,22,30,34,17
2019/4/24,34,13,22,23,6
2019/4/25,32,6,34,12,17
2019/4/26,1,5,23,9,13
2019/4/27,13,17,15,24,25
2019/4/29,31,11,33,26,21
2019/4/30,25,6,28,8,31
2019/5/1,10,23,28,39,38
2019/5/2,3,4,13,33,36
2019/5/3,24,32,7,38,31
2019/5/4,24,3,20,12,1
2019/5/6,25,37,35,24,20
2019/5/7,5,34,25,21,23
2019/5/8,11,3,1,5,39
2019/5/9,23,19,27,17,36
2019/5/10,9,13,2,11,14
2019/5/11,11,33,25,2,9
2019/5/13,19,28,35,33,34
2019/5/14,35,14,5,7,38
2019/5/15,22,23,27,14,15
2019/5/16,8,13,15,17,39
2019/5/17,8,13,9,30,22
2019/5/18,7,17,11,29,1
2019/5/20,2,32,25,22,20
2019/5/21,34,36,23,1,29
2019/5/22,34,31,37,25,1
2019/5/23,32,15,26,16,30
2019/5/24,29,26,33,19,39
2019/5/25,23,36,8,38,28
2019/5/27,39,9,10,33,21
2019/5/28,17,29,21,22,7
2019/5/29,12,14,16,31,7
2019/5/30,28,37,16,12,33
2019/5/31,32,7,20,5,25
2019/6/1,17,28,18,14,19
2019/6/3,21,16,36,38,19
2019/6/4,5,27,2,35,19
2019/6/5,31,38,36,9,12
2019/6/6,14,7,34,8,19
2019/6/7,30,9,16,5,33
2019/6/8,22,13,6,1,18
2019/6/10,20,19,35,7,9
2019/6/11,5,7,36,9,31
2019/6/12,17,23,3,29,13
2019/6/13,33,35,27,21,19
2019/6/14,33,24,14,20,18
2019/6/15,9,23,20,17,3
2019/6/17,18,33,22,24,29
2019/6/18,20,6,8,32,5
2019/6/19,4,31,8,34,1
2019/6/20,27,12,1,35,36
2019/6/21,6,4,36,28,35
2019/6/22,14,27,25,15,21
2019/6/24,37,18,9,33,21
2019/6/25,28,21,4,13,11
2019/6/26,27,25,1,36,24
2019/6/27,6,2,21,27,33
2019/6/28,34,17,25,19,8
2019/6/29,35,2,20,22,24
2019/7/1,25,10,2,23,1
2019/7/2,12,9,2,11,16
2019/7/3,4,28,6,34,25
2019/7/4,32,20,39,11,38
2019/7/5,38,1,11,39,33
2019/7/6,9,32,28,19,29
2019/7/8,23,24,4,21,18
2019/7/9,24,8,5,39,17
2019/7/10,30,32,27,3,29
2019/7/11,25,28,15,39,26
2019/7/12,17,22,25,15,24
2019/7/13,30,18,19,22,14
2019/7/15,22,23,18,24,13
2019/7/16,9,39,19,5,26
2019/7/17,17,26,23,27,8
2019/7/18,18,22,33,16,38
2019/7/19,9,16,26,17,34
2019/7/20,1,7,14,16,28
2019/7/22,19,20,32,34,25
2019/7/23,10,23,4,25,12
2019/7/24,13,28,14,29,32
2019/7/25,36,17,24,14,37
2019/7/26,2,28,3,37,21
2019/7/27,34,7,24,38,9
2019/7/29,19,5,7,9,30
2019/7/30,9,25,19,10,16
2019/7/31,39,32,19,35,38
2019/8/1,2,17,3,1,10
2019/8/2,23,33,31,39,4
2019/8/3,34,19,23,36,21
2019/8/5,16,1,22,5,11
2019/8/6,11,28,4,15,5
2019/8/7,22,7,32,37,23
2019/8/8,35,32,36,26,12
2019/8/9,13,25,26,19,33
2019/8/10,30,33,17,38,14
2019/8/12,39,8,20,35,36
2019/8/13,24,18,10,22,16
2019/8/14,10,38,37,6,32
2019/8/15,38,12,23,1,39
2019/8/16,19,7,37,31,13
2019/8/17,5,16,11,28,12
2019/8/19,1,17,9,21,31
2019/8/20,1,32,20,38,11
2019/8/21,26,9,17,1,20
2019/8/22,3,12,34,38,29
2019/8/23,9,14,21,28,26
2019/8/24,21,19,15,39,3
2019/8/26,34,15,11,5,35
2019/8/27,13,19,8,17,1
2019/8/28,11,4,22,33,15
2019/8/29,35,11,2,31,16
2019/8/30,9,30,10,32,26
2019/8/31,26,35,10,36,3
2019/9/2,11,1,2,15,12
2019/9/3,24,2,32,3,25
2019/9/4,6,15,13,9,11
2019/9/5,26,28,24,39,17
2019/9/6,26,15,18,3,6
2019/9/7,34,1,2,29,35
2019/9/9,3,10,31,1,9
2019/9/10,12,31,23,15,36
2019/9/11,25,6,8,10,21
2019/9/12,12,23,30,27,37
2019/9/13,14,35,4,16,31
2019/9/14,37,24,35,2,4
2019/9/16,20,24,10,39,38
2019/9/17,37,8,25,10,15
2019/9/18,23,16,32,4,22
2019/9/19,28,7,25,32,35
2019/9/20,24,27,23,20,38
2019/9/21,29,12,39,7,21
2019/9/23,30,28,33,34,18
2019/9/24,37,18,11,15,24
2019/9/25,36,3,6,20,29
2019/9/26,2,18,22,12,38
2019/9/27,32,26,11,8,38
2019/9/28,23,14,27,38,2
2019/9/30,16,26,15,4,34
2019/10/1,5,39,25,28,37
2019/10/2,27,11,3,24,29
2019/10/3,24,36,31,7,28
2019/10/4,36,2,13,1,22
2019/10/5,15,12,8,11,13
2019/10/7,18,13,26,1,16
2019/10/8,2,29,12,1,32
2019/10/9,1,19,20,8,36
2019/10/10,29,26,17,35,31
2019/10/11,35,1,15,28,24
2019/10/12,11,15,6,26,39
2019/10/14,10,14,17,28,27
2019/10/15,23,19,26,6,25
2019/10/16,1,33,2,11,34
2019/10/17,31,18,37,21,5
2019/10/18,4,26,3,11,28
2019/10/19,9,25,37,11,12
2019/10/21,39,32,27,25,24
2019/10/22,24,38,5,25,22
2019/10/23,26,12,18,34,30
2019/10/24,25,29,3,16,13
2019/10/25,31,32,5,26,23
2019/10/26,15,20,25,35,3
2019/10/28,3,31,2,26,23
2019/10/29,3,36,1,28,23
2019/10/30,26,7,10,1,25
2019/10/31,30,32,23,37,2
2019/11/1,27,26,29,4,16
2019/11/2,32,9,10,25,12
2019/11/4,23,32,28,14,34
2019/11/5,14,30,22,34,2
2019/11/6,6,1,27,38,4
2019/11/7,32,10,17,11,22
2019/11/8,7,19,22,20,31
2019/11/9,19,1,33,18,21
2019/11/11,29,39,27,23,22
2019/11/12,28,19,18,8,2
2019/11/13,38,6,35,16,26
2019/11/14,12,3,31,14,6
2019/11/15,29,27,16,26,19
2019/11/16,23,24,3,11,29
2019/11/18,11,3,32,10,5
2019/11/19,18,5,36,33,38
2019/11/20,4,22,32,34,1
2019/11/21,15,3,39,1,26
2019/11/22,24,36,21,13,14
2019/11/23,11,8,4,22,12
2019/11/25,16,11,25,19,20
2019/11/26,14,37,28,10,35
2019/11/27,20,24,5,34,21
2019/11/28,13,39,21,14,7
2019/11/29,29,17,8,4,1
2019/11/30,34,29,13,17,1
2019/12/2,2,20,25,6,26
2019/12/3,11,16,22,23,4
2019/12/4,9,24,4,23,20
2019/12/5,29,27,34,23,3
2019/12/6,27,9,6,39,17
2019/12/7,34,16,35,27,11
2019/12/9,32,12,20,23,39
2019/12/10,37,38,11,29,9
2019/12/11,27,18,6,34,37
2019/12/12,5,1,26,28,20
2019/12/13,34,11,25,32,8
2019/12/14,9,26,23,39,20
2019/12/16,32,37,25,22,10
2019/12/17,3,28,22,33,39
2019/12/18,2,19,33,30,15
2019/12/19,37,1,28,10,36
2019/12/20,28,31,35,1,32
2019/12/21,19,31,32,1,23
2019/12/23,13,6,16,34,22
2019/12/24,36,38,23,22,28
2019/12/25,7,37,14,13,9
2019/12/26,21,2,14,27,38
2019/12/27,33,38,7,13,32
2019/12/28,30,22,39,6,36
2019/12/30,8,16,20,14,10
2019/12/31,1,26,32,14,25
2020/1/1,22,26,1,27,39
2020/1/2,1,6,11,23,27
2020/1/3,1,18,3,31,8
2020/1/4,23,30,25,29,32
2020/1/6,28,16,27,14,34
2020/1/7,28,10,11,38,37
2020/1/8,4,10,6,12,26
2020/1/9,36,13,20,4,30
2020/1/10,5,29,10,21,2
2020/1/11,16,3,34,14,25
2020/1/13,24,35,13,28,11
2020/1/14,27,36,39,10,37
2020/1/15,17,10,19,39,35
2020/1/16,10,5,4,3,33
2020/1/17,4,22,32,18,17
2020/1/18,37,28,22,6,14
2020/1/20,4,21,28,35,38
2020/1/21,17,27,32,29,10
2020/1/22,33,36,22,4,11
2020/1/23,1,39,17,33,23
2020/1/24,27,35,39,7,3
2020/1/25,26,20,5,13,12
2020/1/27,14,39,9,27,1
2020/1/28,33,1,39,2,18
2020/1/29,15,10,30,28,19
2020/1/30,8,24,10,34,16
2020/1/31,31,17,27,8,11
2020/2/1,4,7,13,20,24
2020/2/3,1,3,24,34,21
2020/2/4,38,37,12,29,35
2020/2/5,23,31,2,38,4
2020/2/6,1,3,23,39,7
2020/2/7,13,25,29,20,8
2020/2/8,12,33,23,26,27
2020/2/10,23,31,8,24,39
2020/2/11,5,28,27,12,19
2020/2/12,17,19,35,33,23
2020/2/13,38,17,35,1,28
2020/2/14,26,4,25,13,36
2020/2/15,8,29,33,18,5
2020/2/17,2,18,30,36,35
2020/2/18,5,1,6,9,31
2020/2/19,34,2,20,6,24
2020/2/20,20,27,36,10,5
2020/2/21,23,8,20,4,27
2020/2/22,36,19,18,37,13
2020/2/24,29,23,30,2,1
2020/2/25,11,10,22,5,9
2020/2/26,2,19,5,15,26
2020/2/27,19,28,17,35,36
2020/2/28,10,21,12,17,4
2020/2/29,17,27,39,7,20
2020/3/2,5,6,10,27,26
2020/3/3,29,7,3,16,15
2020/3/4,9,7,2,17,27
2020/3/5,20,23,31,28,10
2020/3/6,29,15,13,8,11
2020/3/7,12,9,10,20,17
2020/3/9,18,11,27,28,6
2020/3/10,33,26,34,16,27
2020/3/11,9,16,12,7,14
2020/3/12,1,37,20,18,24
2020/3/13,10,29,5,3,13
2020/3/14,20,17,2,30,6
2020/3/16,11,21,32,1,9
2020/3/17,37,7,16,22,29
2020/3/18,38,20,5,30,9
2020/3/19,30,32,34,3,11
2020/3/20,20,16,39,33,10
2020/3/21,7,22,3,16,31
2020/3/23,27,5,6,16,31
2020/3/24,26,12,25,30,9
2020/3/25,29,23,5,32,8
2020/3/26,19,27,30,28,3
2020/3/27,19,22,13,38,30
2020/3/28,27,4,29,7,18
2020/3/30,35,24,7,2,1
2020/3/31,37,24,6,9,27
2020/4/1,20,23,7,35,31
2020/4/2,27,29,11,10,28
2020/4/3,15,8,3,17,38
2020/4/4,32,27,13,4,21
2020/4/6,30,6,16,3,29
2020/4/7,13,2,28,12,23
2020/4/8,26,34,28,27,12
2020/4/9,27,24,19,6,1
2020/4/10,8,11,23,6,39
2020/4/11,15,18,21,36,14
2020/4/13,25,23,35,36,3
2020/4/14,33,37,29,8,38
2020/4/15,28,7,22,4,10
2020/4/16,9,36,28,17,33
2020/4/17,36,33,16,25,15
2020/4/18,32,20,30,26,31
2020/4/20,32,23,3,8,11
2020/4/21,17,32,20,38,1
2020/4/22,5,9,31,6,30
2020/4/23,33,26,15,3,18
2020/4/24,21,4,30,28,3
2020/4/25,32,7,2,11,14
2020/4/27,36,23,8,34,24
2020/4/28,1,23,21,7,9
2020/4/29,32,10,33,5,29
2020/4/30,3,18,17,23,31
2020/5/1,13,9,27,2,14
2020/5/2,27,23,36,26,17
2020/5/4,39,30,5,35,13
2020/5/5,26,29,14,24,16
2020/5/6,25,39,4,29,2
2020/5/7,16,9,34,14,25
2020/5/8,8,22,4,36,5
2020/5/9,25,13,7,33,9
2020/5/11,25,38,18,5,26
2020/5/12,36,8,32,13,21
2020/5/13,3,2,18,12,22
2020/5/14,16,11,2,17,8
2020/5/15,5,20,30,27,12
2020/5/16,30,7,4,24,9
2020/5/18,36,7,5,8,38
2020/5/19,2,25,5,1,21
2020/5/20,22,28,23,8,29
2020/5/21,27,35,25,2,39
2020/5/22,30,15,5,22,12
2020/5/23,26,35,38,20,17
2020/5/25,18,9,3,7,37
2020/5/26,20,14,21,6,26
2020/5/27,5,25,38,10,26
2020/5/28,26,17,5,8,34
2020/5/29,37,23,25,13,8
2020/5/30,27,16,8,17,21
2020/6/1,15,24,13,12,18
2020/6/2,24,26,14,10,17
2020/6/3,28,36,3,34,20
2020/6/4,22,18,33,14,27
2020/6/5,12,37,34,4,8
2020/6/6,29,39,31,35,19
2020/6/8,4,39,29,22,7
2020/6/9,19,32,25,36,3
2020/6/10,34,38,29,22,2
2020/6/11,6,5,30,14,19
2020/6/12,27,24,10,17,16
2020/6/13,38,11,30,23,9
2020/6/15,26,16,18,10,32
2020/6/16,30,21,24,10,20
2020/6/17,26,22,23,25,6
2020/6/18,17,39,26,12,38
2020/6/19,21,10,5,9,37
2020/6/20,36,19,8,4,24
2020/6/22,30,22,26,18,19
2020/6/23,38,33,23,24,22
2020/6/24,15,1,11,30,14
2020/6/25,33,24,27,19,29
2020/6/26,20,16,26,14,38
2020/6/27,38,30,18,34,24
2020/6/29,7,22,31,27,18
2020/6/30,17,13,31,1,11
2020/7/1,29,8,1,5,30
2020/7/2,2,9,6,1,35
2020/7/3,6,19,21,18,39
2020/7/4,34,30,2,10,26
2020/7/6,23,5,17,11,14
2020/7/7,29,5,19,8,4
2020/7/8,27,13,34,1,21
2020/7/9,35,11,2,9,14
2020/7/10,5,1,35,29,21
2020/7/11,37,35,9,33,6
2020/7/13,16,7,13,37,2
2020/7/14,32,7,36,24,39
2020/7/15,3,7,23,31,20
2020/7/16,5,23,37,7,10
2020/7/17,27,10,4,5,21
2020/7/18,11,19,31,1,34
2020/7/19,22,23,2,32,39
2020/7/21,38,13,2,32,19
2020/7/22,20,35,5,30,37
2020/7/23,17,33,10,37,1
2020/7/24,39,4,28,32,11
2020/7/25,28,30,8,23,24
2020/7/27,37,9,33,18,25
2020/7/28,5,28,25,13,22
2020/7/29,15,31,24,6,28
2020/7/30,5,16,38,37,30
2020/7/31,19,24,20,14,17
2020/8/1,16,10,8,21,36
2020/8/3,21,27,29,2,6
2020/8/4,33,4,25,13,11
2020/8/5,33,16,35,38,34
2020/8/6,9,17,37,7,26
2020/8/7,30,6,29,39,5
2020/8/8,25,15,18,4,26
2020/8/10,39,36,24,29,23
2020/8/11,23,4,1,37,19
2020/8/12,1,25,32,20,13
2020/8/13,15,31,18,17,33
2020/8/14,25,10,17,4,12
2020/8/15,18,21,31,17,13
2020/8/17,12,30,18,26,28
2020/8/18,4,15,37,29,33
2020/8/19,4,28,23,2,1
2020/8/20,8,20,21,30,14
2020/8/21,30,3,7,31,17
2020/8/22,21,6,26,34,27
2020/8/24,35,14,13,31,28
2020/8/25,37,33,36,11,23
2020/8/26,16,29,32,21,14
2020/8/27,34,39,17,29,24
2020/8/28,31,28,17,3,2
2020/8/29,10,16,27,28,1
2020/8/31,36,2,6,26,29
2020/9/1,17,23,16,32,15
2020/9/2,20,23,11,39,13
2020/9/3,7,20,12,33,4
2020/9/4,4,21,24,9,23
2020/9/5,38,32,26,31,1
2020/9/7,29,11,13,6,15
2020/9/8,6,1,15,12,7
2020/9/9,5,4,20,29,24
2020/9/10,27,35,16,30,38
2020/9/11,7,35,3,33,8
2020/9/12,39,2,15,27,19
2020/9/14,20,18,19,38,30
2020/9/15,25,1,4,11,31
2020/9/16,27,13,15,22,6
2020/9/17,24,14,39,5,33
2020/9/18,27,18,24,29,6
2020/9/19,18,37,39,10,19
2020/9/21,34,10,5,17,19
2020/9/22,20,24,39,23,17
2020/9/23,32,17,12,36,6
2020/9/24,27,5,24,10,15
2020/9/25,14,9,1,18,17
2020/9/26,34,24,29,22,27
2020/9/28,27,30,7,20,26
2020/9/29,20,36,22,30,6
2020/9/30,27,21,34,37,38
2020/10/1,21,1,6,35,36
2020/10/2,24,34,20,17,18
2020/10/3,30,15,20,37,7
2020/10/5,35,6,20,22,27
2020/10/6,20,32,6,37,25
2020/10/7,5,34,13,21,9
2020/10/8,38,3,11,8,19
2020/10/9,25,16,31,13,26
2020/10/10,8,23,4,24,34
2020/10/12,22,29,33,24,6
2020/10/13,4,26,8,30,17
2020/10/14,33,39,1,34,9
2020/10/15,18,23,14,20,8
2020/10/16,33,22,38,32,26
2020/10/17,24,20,21,25,18
2020/10/19,4,36,6,16,23
2020/10/20,36,1,27,23,10
2020/10/21,20,14,29,2,22
2020/10/22,31,27,11,9,1
2020/10/23,20,21,34,3,2
2020/10/24,9,10,32,27,15
2020/10/26,26,14,3,33,9
2020/10/27,24,31,8,23,18
2020/10/28,13,20,26,37,38
2020/10/29,38,1,35,23,25
2020/10/30,38,3,35,24,9
2020/10/31,9,6,7,21,32
2020/11/2,31,39,36,29,12
2020/11/3,24,25,28,17,4
2020/11/4,38,12,2,34,17
2020/11/5,37,25,30,19,20
2020/11/6,39,4,8,1,7
2020/11/7,8,26,21,4,24
2020/11/9,17,24,8,6,38
2020/11/10,19,28,5,26,29
2020/11/11,39,31,38,22,35
2020/11/12,4,39,18,27,29
2020/11/13,7,11,24,39,1
2020/11/14,36,30,2,7,3
2020/11/16,38,10,13,11,23
2020/11/17,14,17,11,24,19
2020/11/18,7,17,1,18,15
2020/11/19,27,10,13,6,16
2020/11/20,11,6,27,38,37
2020/11/21,11,8,14,26,13
2020/11/23,4,2,13,28,23
2020/11/24,18,17,4,26,8
2020/11/25,6,36,25,16,28
2020/11/26,12,17,35,28,21
2020/11/27,24,15,25,32,26
2020/11/28,1,20,4,2,17
2020/11/30,17,28,9,25,36
2020/12/1,19,11,32,1,26
2020/12/2,10,3,24,16,37
2020/12/3,20,1,37,19,3
2020/12/4,7,22,31,2,37
2020/12/5,8,35,18,20,29
2020/12/7,35,9,12,22,30
2020/12/8,21,1,24,28,34
2020/12/9,33,15,12,28,13
2020/12/10,10,27,26,6,11
2020/12/11,6,12,19,33,5
2020/12/12,24,14,8,27,15
2020/12/14,19,14,17,20,5
2020/12/15,23,11,1,35,25
2020/12/16,34,8,36,15,17
2020/12/17,7,11,20,15,16
2020/12/18,12,2,15,35,22
2020/12/19,18,36,9,29,14
2020/12/21,15,8,17,24,2
2020/12/22,2,15,38,29,23
2020/12/23,28,24,38,7,32
2020/12/24,36,30,19,1,23
2020/12/25,1,32,37,19,5
2020/12/26,20,24,15,9,5
2020/12/28,35,25,15,11,32
2020/12/29,28,21,16,38,9
2020/12/30,5,3,34,36,21
2020/12/31,1,20,14,34,10
2021/1/1,26,35,37,18,24
2021/1/2,17,11,34,4,6
2021/1/4,2,32,16,3,22
2021/1/5,1,36,20,28,11
2021/1/6,29,36,32,12,10
2021/1/7,13,7,30,23,22
2021/1/8,13,9,34,36,26
2021/1/9,36,37,10,24,13
2021/1/11,38,26,7,3,14
2021/1/12,39,19,11,36,9
2021/1/13,24,38,9,6,17
2021/1/14,30,20,16,21,31
2021/1/15,19,8,23,16,6
2021/1/16,3,26,23,10,37
2021/1/18,39,17,1,3,16
2021/1/19,9,35,21,5,16
2021/1/20,13,11,3,19,10
2021/1/21,7,1,23,21,6
2021/1/22,28,19,15,29,17
2021/1/23,36,35,34,26,23
2021/1/25,23,16,39,37,13
2021/1/26,37,23,31,12,20
2021/1/27,2,1,18,35,17
2021/1/28,16,37,20,30,14
2021/1/29,16,22,26,20,21
2021/1/30,26,13,5,27,23
2021/2/1,36,28,12,6,17
2021/2/2,24,37,4,25,34
2021/2/3,18,5,1,12,30
2021/2/4,15,26,12,1,5
2021/2/5,27,23,38,26,20
2021/2/6,7,20,34,3,14
2021/2/8,2,26,20,1,23
2021/2/9,34,3,18,12,14
2021/2/10,23,32,38,16,18
2021/2/11,22,1,9,8,17
2021/2/12,28,20,13,27,3
2021/2/13,27,21,5,18,22
2021/2/15,7,6,20,19,26
2021/2/16,24,19,22,10,26
2021/2/17,1,17,20,30,27
2021/2/18,28,14,1,19,27
2021/2/19,19,37,35,38,9
2021/2/20,23,10,30,8,5
2021/2/22,4,32,21,33,16
2021/2/23,7,26,1,29,34
2021/2/24,14,24,6,37,19
2021/2/25,22,10,14,38,9
2021/2/26,18,1,27,8,9
2021/2/27,32,27,21,25,39
2021/3/1,34,38,36,13,32
2021/3/2,10,23,25,39,5
2021/3/3,5,10,15,16,21
2021/3/4,19,24,7,16,10
2021/3/5,37,36,31,4,6
2021/3/6,11,12,26,5,10
2021/3/8,28,13,17,24,18
2021/3/9,1,4,23,32,11
2021/3/10,22,5,1,26,19
2021/3/11,13,28,4,27,9
2021/3/12,25,7,37,35,33
2021/3/13,35,32,31,36,21
2021/3/15,39,13,7,11,25
2021/3/16,32,8,18,14,3
2021/3/17,23,1,10,29,7
2021/3/18,32,21,38,30,11
2021/3/19,17,10,4,27,36
2021/3/20,28,11,35,22,18
2021/3/22,11,29,1,17,34
2021/3/23,10,14,19,20,35
2021/3/24,8,23,26,3,13
2021/3/25,8,12,33,35,22
2021/3/26,11,22,9,7,32
2021/3/27,30,5,10,31,1
2021/3/29,10,15,12,35,32
2021/3/30,10,36,14,15,38
2021/3/31,34,23,12,10,38
2021/4/1,35,20,25,2,9
2021/4/2,36,24,31,28,33
2021/4/3,8,6,12,25,23
2021/4/5,17,25,1,36,38
2021/4/6,29,12,10,17,35
2021/4/7,24,1,10,38,35
2021/4/8,9,35,7,2,29
2021/4/9,25,20,34,6,16
2021/4/10,4,20,2,34,18
2021/4/12,22,39,17,37,34
2021/4/13,11,13,23,22,6
2021/4/14,12,8,20,3,33
2021/4/15,17,37,25,6,7
2021/4/16,22,7,21,28,2
2021/4/17,8,31,7,23,25
2021/4/19,29,1,4,9,39
2021/4/20,24,20,23,16,35
2021/4/21,19,29,4,37,39
2021/4/22,25,26,5,7,8
2021/4/23,8,16,2,28,22
2021/4/24,11,6,13,10,5
2021/4/26,5,17,21,16,1
2021/4/27,24,22,12,31,35
2021/4/28,23,22,16,7,12
2021/4/29,35,23,32,8,10
2021/4/30,7,32,35,21,17
2021/5/1,31,13,19,12,20
2021/5/3,13,15,29,4,32
2021/5/4,39,21,23,36,20
2021/5/5,39,29,8,27,19
2021/5/6,21,13,7,22,3
2021/5/7,7,33,8,17,6
2021/5/8,31,23,19,26,34
2021/5/10,37,17,14,15,28
2021/5/11,15,31,36,17,11
2021/5/12,30,8,21,14,17
2021/5/13,25,16,37,13,17
2021/5/14,31,29,28,10,36
2021/5/15,7,2,31,39,28
2021/5/17,15,36,33,27,3
2021/5/18,12,18,37,27,9
2021/5/19,5,17,36,27,8
2021/5/20,37,13,30,35,31
2021/5/21,38,9,33,34,4
2021/5/22,14,22,31,23,6
2021/5/24,14,12,24,36,23
2021/5/25,25,3,14,37,33
2021/5/26,36,32,7,30,6
2021/5/27,21,26,24,29,32
2021/5/28,24,38,35,23,32
2021/5/29,27,19,38,11,1
2021/5/31,31,32,23,35,18
2021/6/1,32,4,30,35,6
2021/6/2,4,29,33,37,19
2021/6/3,14,36,29,1,11
2021/6/4,39,12,15,6,13
2021/6/5,1,3,10,24,17
2021/6/7,12,6,39,15,20
2021/6/8,19,3,38,8,22
2021/6/9,16,5,11,3,7
2021/6/10,22,13,1,33,14
2021/6/11,18,3,33,27,22
2021/6/12,4,3,17,25,13
2021/6/14,17,35,27,33,25
2021/6/15,17,36,14,32,27
2021/6/16,17,7,21,27,18
2021/6/17,28,31,39,36,8
2021/6/18,29,20,13,11,33
2021/6/19,36,39,33,1,12
2021/6/21,36,4,10,37,12
2021/6/22,11,32,31,3,39
2021/6/23,6,12,14,35,28
2021/6/24,35,29,36,5,31
2021/6/25,4,23,12,20,17
2021/6/26,31,17,26,35,32
2021/6/28,17,6,29,33,39
2021/6/29,6,15,17,24,9
2021/6/30,4,39,28,6,26
2021/7/1,20,28,19,31,38
2021/7/2,32,26,2,5,7
2021/7/3,29,27,20,23,8
2021/7/5,20,24,35,1,32
2021/7/6,39,10,19,11,21
2021/7/7,29,1,11,25,17
2021/7/8,35,22,27,37,23
2021/7/9,13,12,30,37,15
2021/7/10,35,38,9,28,26
2021/7/12,17,37,29,4,7
2021/7/13,25,18,24,10,15
2021/7/14,18,14,1,12,26
2021/7/15,15,23,31,7,25
2021/7/16,2,17,7,18,26
2021/7/17,31,16,21,2,37
2021/7/19,30,6,7,8,9
2021/7/20,22,14,9,38,36
2021/7/21,16,24,9,32,38
2021/7/22,32,38,16,9,1
2021/7/23,10,18,17,28,20
2021/7/24,8,31,1,17,12
2021/7/26,16,1,38,8,5
2021/7/27,3,30,5,27,35
2021/7/28,12,17,6,18,24
2021/7/29,20,23,21,25,13
2021/7/30,17,30,9,27,6
2021/7/31,33,35,4,5,17
2021/8/2,24,28,4,33,25
2021/8/3,9,25,24,36,5
2021/8/4,10,32,20,39,34
2021/8/5,4,29,27,25,6
2021/8/6,4,18,7,19,11
2021/8/7,2,4,11,8,22
2021/8/9,12,9,18,38,22
2021/8/10,29,22,23,31,8
2021/8/11,38,20,17,30,28
2021/8/12,1,19,7,3,30
2021/8/13,35,37,5,25,27
2021/8/14,18,37,30,3,8
2021/8/16,10,16,7,34,24
2021/8/17,35,3,19,37,17
2021/8/18,10,16,36,11,15
2021/8/19,8,19,38,26,12
2021/8/20,38,1,10,5,31
2021/8/21,33,18,29,31,24
2021/8/23,37,11,24,29,6
2021/8/24,27,17,20,8,24
2021/8/25,15,31,34,26,14
2021/8/26,3,32,36,39,11
2021/8/27,32,18,23,3,33
2021/8/28,37,5,32,12,2
2021/8/30,39,2,24,36,14
2021/8/31,4,35,28,29,15
2021/9/1,19,7,18,39,12
2021/9/2,4,27,35,29,20
2021/9/3,38,2,8,37,28
2021/9/4,15,35,27,33,8
2021/9/6,9,4,22,39,26
2021/9/7,1,7,38,15,17
2021/9/8,12,28,4,37,7
2021/9/9,23,4,20,12,27
2021/9/10,25,8,17,39,3
2021/9/11,6,12,14,4,25
2021/9/13,9,32,39,6,3
2021/9/14,17,19,2,6,38
2021/9/15,6,32,1,3,19
2021/9/16,12,33,19,7,16
2021/9/17,34,23,1,17,30
2021/9/18,5,22,1,34,12
2021/9/20,35,31,11,10,39
2021/9/21,31,18,34,10,29
2021/9/22,18,20,15,19,35
2021/9/23,5,12,36,32,22
2021/9/24,34,2,33,3,30
2021/9/25,4,15,23,30,16
2021/9/27,30,1,29,28,14
2021/9/28,9,35,28,32,3
2021/9/29,38,2,11,3,19
2021/9/30,35,19,6,23,7
2021/10/1,10,28,37,1,19
2021/10/2,15,9,19,25,20
2021/10/4,26,30,31,37,22
2021/10/5,5,39,30,24,25
2021/10/6,18,8,22,13,4
2021/10/7,15,16,38,26,28
2021/10/8,36,37,21,27,23
2021/10/9,20,6,30,13,36
2021/10/11,30,6,18,24,26
2021/10/12,16,24,29,22,2
2021/10/13,5,11,17,1,31
2021/10/14,4,16,11,33,5
2021/10/15,1,35,29,38,39
2021/10/16,12,28,30,11,25
2021/10/18,8,9,18,28,2
2021/10/19,11,22,20,34,10
2021/10/20,21,24,11,31,32
2021/10/21,34,11,1,4,36
2021/10/22,21,29,6,36,25
2021/10/23,4,24,22,34,13
2021/10/25,2,27,31,36,14
2021/10/26,32,10,34,6,39
2021/10/27,20,23,13,30,33
2021/10/28,20,39,14,18,23
2021/10/29,21,3,35,9,33
2021/10/30,26,27,34,17,33
2021/11/1,7,18,33,25,12
2021/11/2,22,38,35,19,2
2021/11/3,25,12,32,21,1
2021/11/4,21,5,32,34,15
2021/11/5,28,11,9,30,14
2021/11/6,32,2,24,25,13
2021/11/8,26,15,18,13,6
2021/11/9,34,13,27,23,25
2021/11/10,24,5,9,17,26
2021/11/11,13,18,17,15,35
2021/11/12,34,2,32,19,25
2021/11/13,37,1,8,2,26
2021/11/15,35,2,25,32,20
2021/11/16,1,32,4,20,7
2021/11/17,22,17,4,24,12
2021/11/18,15,3,32,38,22
2021/11/19,25,24,36,26,21
2021/11/20,11,8,23,36,32
2021/11/22,5,19,3,20,30
2021/11/23,35,36,28,23,27
2021/11/24,4,26,10,24,17
2021/11/25,10,16,24,20,14
2021/11/26,8,24,34,19,20
2021/11/27,28,14,16,25,15
2021/11/29,17,7,15,5,3
2021/11/30,1,5,24,7,6
2021/12/1,36,1,7,17,29
2021/12/2,20,39,2,23,17
2021/12/3,15,2,26,31,24
2021/12/4,14,36,34,13,32
2021/12/6,21,15,29,27,16
2021/12/7,23,38,30,5,9
2021/12/8,28,29,25,13,9
2021/12/9,10,11,28,18,8
2021/12/10,21,27,30,5,3
2021/12/11,33,31,13,16,3
2021/12/13,34,19,36,35,3
2021/12/14,13,11,35,34,33
2021/12/15,25,1,19,6,10
2021/12/16,20,35,13,4,28
2021/12/17,36,23,12,18,25
2021/12/18,33,15,26,14,21
2021/12/20,33,5,9,18,28
2021/12/21,38,23,32,34,21
2021/12/22,16,29,5,13,3
2021/12/23,25,6,7,18,16
2021/12/24,39,8,29,15,19
2021/12/25,10,7,20,37,31
2021/12/27,10,7,13,4,31
2021/12/28,23,35,34,36,14
2021/12/29,23,2,3,30,18
2021/12/30,10,18,20,27,8
2021/12/31,27,39,17,11,5
2022/1/1,7,6,23,36,4
2022/1/3,7,9,3,38,36
2022/1/4,5,27,11,2,30
2022/1/5,18,38,6,15,27
2022/1/6,35,22,1,39,16
2022/1/7,39,26,13,12,25
2022/1/8,2,4,18,39,30
2022/1/10,37,9,3,14,10
2022/1/11,2,20,11,36,17
2022/1/12,7,13,16,28,3
2022/1/13,5,26,39,28,1
2022/1/14,6,17,8,4,9
2022/1/15,33,27,21,14,32
2022/1/17,36,24,22,33,1
2022/1/18,1,26,16,19,38
2022/1/19,15,26,9,38,17
2022/1/20,3,33,38,35,31
2022/1/21,18,35,13,17,39
2022/1/22,6,27,32,38,29
2022/1/24,5,11,30,24,38
2022/1/25,19,8,37,24,20
2022/1/26,12,30,29,22,36
2022/1/27,24,3,9,35,34
2022/1/28,1,30,31,20,16
2022/1/29,12,23,38,18,8
2022/1/31,33,5,16,17,38
2022/2/1,17,38,39,22,20
2022/2/2,19,14,22,25,15
2022/2/3,35,12,9,25,39
2022/2/4,23,19,39,15,6
2022/2/5,12,34,19,1,2
2022/2/7,10,38,20,31,34
2022/2/8,8,11,23,19,34
2022/2/9,18,17,11,38,2
2022/2/10,38,14,37,35,12
2022/2/11,38,14,39,35,29
2022/2/12,21,7,11,22,4
2022/2/14,21,9,14,28,34
2022/2/15,15,33,5,29,9
2022/2/16,22,16,23,30,5
2022/2/17,7,37,15,32,4
2022/2/18,3,15,26,8,17
2022/2/19,31,34,27,23,35
2022/2/21,15,1,22,6,36
2022/2/22,13,8,37,25,23
2022/2/23,38,16,28,2,11
2022/2/24,28,33,11,10,30
2022/2/25,5,17,22,39,35
2022/2/26,24,35,17,34,13
2022/2/28,18,34,7,37,17
2022/3/1,15,10,17,28,32
2022/3/2,21,16,23,6,15
2022/3/3,27,5,16,11,24
2022/3/4,26,3,13,16,14
2022/3/5,10,34,12,18,30
2022/3/7,24,32,11,10,38
2022/3/8,9,11,10,35,25
2022/3/9,28,21,5,24,1
2022/3/10,14,33,19,12,34
2022/3/11,20,29,6,4,11
2022/3/12,14,10,17,20,7
2022/3/14,19,23,10,16,17
2022/3/15,4,7,38,2,30
2022/3/16,10,35,18,19,33
2022/3/17,18,34,37,19,26
2022/3/18,3,23,29,14,30
2022/3/19,26,35,2,10,25
2022/3/21,3,21,24,7,6
2022/3/22,29,34,27,9,35
2022/3/23,30,27,13,20,12
2022/3/24,31,19,12,1,13
2022/3/25,14,13,18,8,12
2022/3/26,22,39,12,33,3
2022/3/28,17,25,6,21,29
2022/3/29,27,16,3,26,36
2022/3/30,28,34,1,21,29
2022/3/31,19,8,17,12,5
2022/4/1,5,17,25,7,37
2022/4/2,3,23,26,13,32
2022/4/4,32,4,37,29,17
2022/4/5,39,7,31,37,9
2022/4/6,9,33,2,29,3
2022/4/7,36,7,3,25,37
2022/4/8,23,20,21,5,2
2022/4/9,2,37,27,20,26
2022/4/11,9,29,39,20,36
2022/4/12,34,19,36,32,23
2022/4/13,20,18,22,15,23
2022/4/14,29,18,11,13,17
2022/4/15,7,19,25,27,15
2022/4/16,30,13,20,6,7
2022/4/18,18,38,35,20,11
2022/4/19,32,25,24,29,10
2022/4/20,2,26,37,29,6
2022/4/21,15,19,5,1,36
2022/4/22,7,11,27,3,20
2022/4/23,10,23,33,39,26
2022/4/25,2,19,9,21,7
2022/4/26,25,38,21,20,8
2022/4/27,29,30,25,14,3
2022/4/28,16,10,36,24,14
2022/4/29,31,14,32,38,7
2022/4/30,37,32,4,13,29
2022/5/2,10,34,3,12,9
2022/5/3,22,12,14,8,28
2022/5/4,3,23,2,11,27
2022/5/5,33,9,29,31,18
2022/5/6,31,13,2,7,11
2022/5/7,1,4,37,14,38
2022/5/9,21,38,11,15,12
2022/5/10,20,14,10,4,19
2022/5/11,6,10,33,5,4
2022/5/12,22,9,3,37,33
2022/5/13,16,3,19,15,31
2022/5/14,1,31,22,19,12
2022/5/16,20,17,25,36,23
2022/5/17,27,24,37,34,31
2022/5/18,6,24,9,37,18
2022/5/19,15,35,5,22,36
2022/5/20,13,11,39,37,24
2022/5/21,27,24,1,15,36
2022/5/23,9,12,18,25,38
2022/5/24,9,30,1,14,11
2022/5/25,13,37,2,11,18
2022/5/26,27,30,9,15,28
2022/5/27,36,8,28,13,30
2022/5/28,35,23,28,30,7
2022/5/30,25,4,31,21,1
2022/5/31,4,3,21,12,22
2022/6/1,8,28,9,1,12
2022/6/2,22,34,5,25,27
2022/6/3,39,34,23,30,17
2022/6/4,10,37,7,32,34
2022/6/6,37,6,36,4,29
2022/6/7,19,16,21,17,18
2022/6/8,29,6,38,23,17
2022/6/9,4,1,34,12,33
2022/6/10,37,15,6,24,36
2022/6/11,32,4,9,13,33
2022/6/13,7,16,2,12,4
2022/6/14,26,3,1,13,27
2022/6/15,36,27,5,32,11
2022/6/16,6,11,19,2,13
2022/6/17,35,21,5,39,14
2022/6/18,28,29,7,17,19
2022/6/20,10,37,35,1,16
2022/6/21,1,16,31,23,39
2022/6/22,17,33,38,11,27
2022/6/23,12,4,33,19,20
2022/6/24,25,15,38,8,31
2022/6/25,12,8,38,1,31
2022/6/27,3,35,31,1,26
2022/6/28,21,38,8,17,11
2022/6/29,36,6,37,28,21
2022/6/30,10,8,16,24,34
2022/7/1,1,2,8,33,22
2022/7/2,20,21,11,3,28
2022/7/4,8,17,11,31,38
2022/7/5,26,13,22,16,21
2022/7/6,30,27,18,14,13
2022/7/7,14,9,18,35,23
2022/7/8,1,39,20,30,25
2022/7/9,24,12,21,8,38
2022/7/11,15,19,37,7,16
2022/7/12,27,31,1,3,5
2022/7/13,4,14,34,27,35
2022/7/14,21,25,5,26,16
2022/7/15,24,36,33,3,22
2022/7/16,35,10,30,25,14
2022/7/18,4,22,10,32,35
2022/7/19,16,25,2,38,11
2022/7/20,16,4,8,29,34
2022/7/21,12,4,36,10,26
2022/7/22,24,28,11,26,9
2022/7/23,32,5,27,38,33
2022/7/25,35,37,36,25,24
2022/7/26,29,13,25,2,19
2022/7/27,14,30,29,4,5
2022/7/28,25,9,28,4,34
2022/7/29,34,38,29,39,3
2022/7/30,12,34,38,7,5
2022/8/1,18,8,27,2,3
2022/8/2,26,22,18,11,6
2022/8/3,19,29,34,26,15
2022/8/4,28,2,32,37,26
2022/8/5,21,9,16,12,7
2022/8/6,6,35,11,18,21
2022/8/8,39,19,33,34,17
2022/8/9,31,39,36,9,11
2022/8/10,16,3,8,36,23
2022/8/11,21,29,16,8,9
2022/8/12,36,24,1,6,13
2022/8/13,36,2,35,17,22
2022/8/15,14,3,17,13,11
2022/8/16,19,7,34,26,10
2022/8/17,21,36,16,26,30
2022/8/18,4,20,35,15,36
2022/8/19,28,26,37,39,31
2022/8/20,35,29,11,13,31
2022/8/22,14,6,13,25,38
2022/8/23,8,5,15,12,24
2022/8/24,26,7,33,4,34
2022/8/25,36,10,25,3,28
2022/8/26,23,28,12,34,25
2022/8/27,36,26,19,17,12
2022/8/29,19,33,23,16,37
2022/8/30,36,29,32,8,38
2022/8/31,15,21,25,36,17
2022/9/1,2,15,8,6,17
2022/9/2,19,24,25,38,2
2022/9/3,20,27,39,10,9
2022/9/5,10,7,21,16,20
2022/9/6,4,36,26,11,17
2022/9/7,27,35,8,10,4
2022/9/8,17,36,5,14,34
2022/9/9,28,36,20,22,37
2022/9/10,8,35,6,25,37
2022/9/12,38,14,24,37,6
2022/9/13,20,33,14,13,35
2022/9/14,27,22,29,8,16
2022/9/15,35,18,5,30,4
2022/9/16,28,15,36,33,10
2022/9/17,19,10,18,25,29
2022/9/19,19,12,15,4,17
2022/9/20,16,9,11,39,7
2022/9/21,23,14,1,39,24
2022/9/22,24,31,20,10,14
2022/9/23,38,1,12,25,39
2022/9/24,38,17,35,28,34
2022/9/26,2,11,10,23,7
2022/9/27,39,3,37,36,27
2022/9/28,31,28,14,7,38
2022/9/29,22,3,25,23,17
2022/9/30,33,21,25,35,18
2022/10/1,5,15,25,14,3
2022/10/3,37,29,32,31,24
2022/10/4,35,12,31,6,17
2022/10/5,22,20,7,37,1
2022/10/6,11,22,38,10,13
2022/10/7,36,29,8,12,2
2022/10/8,18,35,6,23,21
2022/10/10,8,34,13,1,21
2022/10/11,4,15,10,7,39
2022/10/12,8,1,20,10,14
2022/10/13,9,12,15,29,23
2022/10/14,24,1,6,12,22
2022/10/15,23,36,30,8,7
2022/10/17,39,5,16,2,21
2022/10/18,16,27,7,14,25
2022/10/19,4,11,5,12,1
2022/10/20,36,4,3,6,11
2022/10/21,35,28,24,8,3
2022/10/22,13,1,7,10,23
2022/10/24,17,33,35,9,36
2022/10/25,22,19,9,26,20
2022/10/26,39,18,13,9,5
2022/10/27,39,30,29,9,22
2022/10/28,18,28,36,1,22
2022/10/29,20,8,16,34,25
2022/10/31,27,21,9,23,24
2022/11/1,18,17,33,26,14
2022/11/2,18,24,13,34,4
2022/11/3,27,18,31,35,3
2022/11/4,2,22,31,10,3
2022/11/5,17,1,32,28,6
2022/11/7,28,11,12,19,37
2022/11/8,3,16,22,19,14
2022/11/9,8,20,30,4,35
2022/11/10,23,27,31,13,19
2022/11/11,2,22,12,4,21
2022/11/12,19,31,5,33,13
2022/11/14,36,27,5,19,35
2022/11/15,2,4,18,15,33
2022/11/16,6,1,15,7,35
2022/11/17,27,22,30,3,13
2022/11/18,7,9,4,1,5
2022/11/19,17,31,21,22,35
2022/11/21,8,38,21,28,1
2022/11/22,19,16,10,6,30
2022/11/23,27,2,37,30,22
2022/11/24,4,33,17,37,27
2022/11/25,18,8,28,36,25
2022/11/26,11,24,26,20,18
2022/11/28,7,17,27,39,9
2022/11/29,29,14,25,8,11
2022/11/30,16,13,37,9,24
2022/12/1,14,24,30,26,16
2022/12/2,4,1,18,13,3
2022/12/3,28,21,13,29,11
2022/12/5,5,24,16,14,18
2022/12/6,16,18,25,12,13
2022/12/7,36,25,10,1,34
2022/12/8,16,21,19,23,22
2022/12/9,13,17,37,35,12
2022/12/10,29,39,18,8,10
2022/12/12,23,28,16,27,13
2022/12/13,9,12,27,1,28
2022/12/14,16,31,12,10,36
2022/12/15,6,24,18,1,14
2022/12/16,15,3,19,34,14
2022/12/17,10,12,24,3,11
2022/12/19,6,9,35,13,21
2022/12/20,29,25,9,13,6
2022/12/21,12,32,13,24,20
2022/12/22,9,18,3,33,7
2022/12/23,29,27,23,35,30
2022/12/24,1,4,34,3,31
2022/12/26,28,13,12,6,2
2022/12/27,31,38,8,20,35
2022/12/28,16,27,6,18,24
2022/12/29,18,25,1,38,8
2022/12/30,10,5,29,4,8
2022/12/31,10,1,15,20,26
2023/1/2,8,10,25,12,6
2023/1/3,14,12,34,30,25
2023/1/4,29,8,31,36,18
2023/1/5,17,26,39,36,29
2023/1/6,30,38,10,35,39
2023/1/7,6,8,30,23,3
2023/1/9,6,34,30,31,13
2023/1/10,22,2,18,29,8
2023/1/11,34,31,23,26,35
2023/1/12,29,26,3,37,14
2023/1/13,26,9,31,4,29
2023/1/14,29,12,23,8,4
2023/1/16,29,7,12,4,11
2023/1/17,39,6,4,26,18
2023/1/18,12,34,39,18,6
2023/1/19,1,12,34,3,28
2023/1/20,15,19,25,5,6
2023/1/21,12,8,28,35,14
2023/1/23,13,22,14,4,12
2023/1/24,6,8,16,19,31
2023/1/25,20,19,5,1,15
2023/1/26,36,12,33,6,10
2023/1/27,24,2,19,16,27
2023/1/28,32,18,38,29,9
2023/1/30,25,36,17,18,8
2023/1/31,6,38,3,23,2
2023/2/1,19,38,16,23,36
2023/2/2,30,11,12,38,27
2023/2/3,21,7,19,31,1
2023/2/4,22,18,24,13,15
2023/2/5,16,15,31,28,3
2023/2/7,13,1,25,26,27
2023/2/8,15,17,28,37,13
2023/2/9,35,32,22,39,38
2023/2/10,4,26,17,34,25
2023/2/11,7,30,27,39,31
2023/2/13,34,31,5,16,6
2023/2/14,16,37,12,28,9
2023/2/15,37,32,4,24,23
2023/2/16,35,5,25,39,17
2023/2/17,31,9,25,27,22
2023/2/18,18,12,32,20,8
2023/2/20,14,24,30,32,38
2023/2/21,37,29,2,25,17
2023/2/22,16,37,2,17,11
2023/2/23,13,11,7,17,27
2023/2/24,12,11,16,8,30
2023/2/25,4,6,27,39,38
2023/2/27,21,5,38,31,33
2023/2/28,8,27,6,33,23
2023/3/1,37,26,30,32,36
2023/3/2,4,37,24,9,1
2023/3/3,17,34,35,8,16
2023/3/4,32,25,9,39,4
2023/3/6,37,21,1,19,8
2023/3/7,10,5,17,19,9
2023/3/8,39,22,24,15,19
2023/3/9,26,30,39,38,11
2023/3/10,33,35,15,8,39
2023/3/11,24,22,4,7,14
2023/3/13,2,23,30,10,35
2023/3/14,22,15,18,30,24
2023/3/15,15,26,33,25,9
2023/3/16,21,38,25,10,37
2023/3/17,27,5,11,32,17
2023/3/18,7,3,30,37,22
2023/3/20,20,18,37,10,5
2023/3/21,38,3,12,16,22
2023/3/22,37,5,17,2,27
2023/3/23,36,38,33,12,5
2023/3/24,8,19,37,27,34
2023/3/25,35,24,6,33,10
2023/3/27,32,39,6,10,11
2023/3/28,5,9,10,32,2
2023/3/29,37,36,32,39,16
2023/3/30,13,7,25,18,39
2023/3/31,26,27,2,35,21
2023/4/1,9,10,16,26,21
2023/4/3,23,33,6,22,7
2023/4/4,31,38,13,27,2
2023/4/5,31,6,21,38,3
2023/4/6,37,9,39,24,11
2023/4/7,31,39,36,16,10
2023/4/8,27,18,8,20,31
2023/4/10,6,30,34,36,25
2023/4/11,38,6,5,1,37
2023/4/12,17,4,38,11,10
2023/4/13,13,29,18,26,14
2023/4/14,3,17,5,36,31
2023/4/15,37,17,1,9,31
2023/4/17,9,32,4,33,16
2023/4/18,17,33,21,31,11
2023/4/19,39,15,34,33,20
2023/4/20,37,4,19,29,22
2023/4/21,7,32,26,28,2
2023/4/22,29,27,21,10,14
2023/4/24,24,16,21,10,1
2023/4/25,12,36,5,34,1
2023/4/26,33,2,21,29,20
2023/4/27,32,3,39,22,13
2023/4/28,39,11,10,36,7
2023/4/29,22,32,8,6,38
2023/5/1,20,28,31,10,14
2023/5/2,27,1,29,5,3
2023/5/3,34,7,26,35,5
2023/5/4,34,14,25,26,23
2023/5/5,32,1,24,30,7
2023/5/6,5,32,28,26,4
2023/5/8,3,34,7,27,29
2023/5/9,36,2,23,13,4
2023/5/10,11,37,31,25,12
2023/5/11,34,5,27,4,9
2023/5/12,25,20,21,14,23
2023/5/13,27,12,15,35,3
2023/5/15,24,7,6,5,8
2023/5/16,36,27,13,25,38
2023/5/17,30,14,5,38,11
2023/5/18,36,32,8,34,20
2023/5/19,33,27,34,36,16
2023/5/20,10,24,1,28,34
2023/5/22,10,39,15,31,25
2023/5/23,35,38,34,10,14
2023/5/24,10,8,34,16,21
2023/5/25,33,20,18,14,16
2023/5/26,13,7,22,6,29
2023/5/27,24,25,18,39,1
2023/5/29,14,10,1,27,37
2023/5/30,12,15,20,5,21
2023/5/31,34,6,7,36,5
2023/6/1,25,8,27,34,18
2023/6/2,4,9,8,37,22
2023/6/3,23,13,3,7,34
2023/6/5,20,16,5,1,29
2023/6/6,11,37,29,18,26
2023/6/7,11,7,8,29,3
2023/6/8,15,38,12,1,23
2023/6/9,15,2,17,29,13
2023/6/10,19,9,8,28,1
2023/6/12,13,26,8,19,22
2023/6/13,29,36,37,34,24
2023/6/14,6,21,34,32,1
2023/6/15,18,15,21,2,11
2023/6/16,9,24,39,12,28
2023/6/17,36,29,9,2,20
2023/6/19,36,13,1,33,39
2023/6/20,25,34,11,27,37
2023/6/21,23,30,9,38,2
2023/6/22,33,34,6,10,39
2023/6/23,24,30,20,11,13
2023/6/24,13,10,7,14,22
2023/6/26,5,26,20,15,14
2023/6/27,39,28,14,12,4
2023/6/28,8,32,5,21,33
2023/6/29,17,14,27,10,2
2023/6/30,36,3,20,11,30
2023/7/1,12,22,8,39,7
2023/7/3,28,34,33,39,13
2023/7/4,14,27,29,26,35
2023/7/5,5,8,7,25,30
2023/7/6,21,17,2,33,14
2023/7/7,30,16,12,25,28
2023/7/8,33,24,1,18,4
2023/7/10,15,4,19,37,1
2023/7/11,35,38,25,24,36
2023/7/12,9,1,32,2,10
2023/7/13,19,6,10,32,4
2023/7/14,14,25,37,12,20
2023/7/15,8,22,19,21,16
2023/7/17,29,1,22,18,30
2023/7/18,23,29,38,15,12
2023/7/19,2,35,22,12,20
2023/7/20,23,13,20,18,31
2023/7/21,27,26,31,39,9
2023/7/22,15,32,4,9,24
2023/7/24,31,34,2,37,13
2023/7/25,15,32,18,26,19
2023/7/26,37,13,6,33,38
2023/7/27,13,39,10,18,37
2023/7/28,20,26,7,1,13
2023/7/29,37,30,18,15,20
2023/7/31,13,21,3,19,35
2023/8/1,10,15,1,30,3
2023/8/2,3,10,11,29,25
2023/8/3,9,3,12,33,30
2023/8/4,38,16,7,35,20
2023/8/5,4,15,9,10,34
2023/8/7,14,8,32,34,29
2023/8/8,7,19,29,10,28
2023/8/9,39,12,15,3,30
2023/8/10,13,38,14,30,1
2023/8/11,38,6,24,23,39
2023/8/12,31,23,8,27,32
2023/8/14,33,17,28,26,18
2023/8/15,26,23,37,33,14
2023/8/16,2,28,7,9,19
2023/8/17,4,27,15,34,18
2023/8/18,14,23,6,38,34
2023/8/19,14,23,15,9,28
2023/8/21,7,36,25,6,24
2023/8/22,11,9,36,27,12
2023/8/23,2,23,7,19,28
2023/8/24,34,14,5,23,29
2023/8/25,23,5,30,32,11
2023/8/26,24,7,27,9,6
2023/8/28,17,26,31,1,13
2023/8/29,13,10,4,37,2
2023/8/30,13,33,36,16,35
2023/8/31,14,30,11,19,39
2023/9/1,19,34,31,1,17
2023/9/2,11,25,34,22,15
2023/9/4,6,17,20,37,18
2023/9/5,34,20,12,21,16
2023/9/6,28,23,10,4,29
2023/9/7,10,36,27,24,37
2023/9/8,6,23,8,31,14
2023/9/9,35,39,11,31,13
2023/9/11,12,39,31,33,6
2023/9/12,21,17,16,2,31
2023/9/13,3,18,9,21,39
2023/9/14,10,5,28,17,8
2023/9/15,18,20,9,1,12
2023/9/16,38,14,25,23,4
2023/9/18,14,36,3,21,23
2023/9/19,26,24,39,36,10
2023/9/20,20,17,11,6,21
2023/9/21,16,4,37,25,1
2023/9/22,26,18,32,1,12
2023/9/23,26,39,20,35,32
2023/9/25,4,25,6,10,38
2023/9/26,39,3,28,1,5
2023/9/27,14,34,24,15,19
2023/9/28,17,19,4,14,11
2023/9/29,12,27,39,30,10
2023/9/30,20,19,3,21,14
2023/10/2,13,1,8,2,37
2023/10/3,2,12,13,30,1
2023/10/4,19,21,33,38,9
2023/10/5,37,18,9,26,12
2023/10/6,26,19,29,3,4
2023/10/7,35,18,3,26,34
2023/10/9,8,29,16,23,13
2023/10/10,5,18,3,34,8
2023/10/11,32,31,39,35,29
2023/10/12,33,38,24,39,27
2023/10/13,2,4,5,22,18
2023/10/14,26,1,16,8,4
2023/10/16,9,18,10,31,3
2023/10/17,14,38,10,13,6
2023/10/18,27,28,11,3,2
2023/10/19,9,6,11,7,26
2023/10/20,22,10,8,23,36
2023/10/21,4,30,34,16,22
2023/10/23,1,4,15,29,35
2023/10/24,33,28,3,39,36
2023/10/25,5,13,19,33,38
2023/10/26,10,37,15,26,16
2023/10/27,9,1,5,3,25
2023/10/28,36,31,1,10,5
2023/10/30,22,30,38,15,27
2023/10/31,36,9,3,29,39
2023/11/1,26,23,35,33,11
2023/11/2,7,33,6,3,37
2023/11/3,16,19,18,4,17
2023/11/4,27,37,12,5,24
2023/11/6,5,39,37,26,4
2023/11/7,4,25,17,3,35
2023/11/8,23,19,31,27,3
2023/11/9,36,35,2,12,30
2023/11/10,25,39,37,19,6
2023/11/11,31,17,35,33,34
2023/11/13,38,13,37,36,17
2023/11/14,19,27,37,14,1
2023/11/15,21,38,1,27,24
2023/11/16,13,18,1,6,2
2023/11/17,30,20,25,21,12
2023/11/18,2,30,36,22,17
2023/11/20,21,8,37,16,19
2023/11/21,37,24,39,26,28
2023/11/22,2,32,28,25,34
2023/11/23,37,8,3,17,13
2023/11/24,9,15,38,27,37
2023/11/25,4,20,22,11,16
2023/11/27,2,32,5,35,22
2023/11/28,17,28,38,15,35
2023/11/29,30,35,9,11,14
2023/11/30,4,12,20,22,34
2023/12/1,4,15,18,29,9
2023/12/2,22,33,36,23,31
2023/12/4,11,22,12,29,16
2023/12/5,29,14,7,11,1
2023/12/6,32,4,20,23,38
2023/12/7,3,6,7,22,11
2023/12/8,23,5,11,16,3
2023/12/9,19,8,20,7,31
2023/12/11,25,2,13,33,5
2023/12/12,10,22,5,38,32
2023/12/13,7,20,6,5,22
2023/12/14,35,36,6,8,13
2023/12/15,6,35,7,14,30
2023/12/16,32,14,16,38,8
2023/12/18,26,14,11,32,10
2023/12/19,16,26,33,17,2
2023/12/20,31,19,21,37,26
2023/12/21,3,10,5,9,4
2023/12/22,6,24,32,11,37
2023/12/23,25,21,13,17,28
2023/12/25,39,2,30,29,19
2023/12/26,18,11,27,37,23
2023/12/27,35,10,38,21,33
2023/12/28,37,18,30,20,28
2023/12/29,27,22,9,34,14
2023/12/30,17,20,11,4,32
2024/1/1,30,3,9,27,33
2024/1/2,25,22,21,37,30
2024/1/3,1,21,37,32,5
2024/1/4,11,29,27,28,37
2024/1/5,14,33,21,11,10
2024/1/6,1,39,37,16,33
2024/1/8,39,7,22,38,35
2024/1/9,17,27,23,19,9
2024/1/10,3,6,24,15,19
2024/1/11,23,15,36,34,37
2024/1/12,12,1,31,3,23
2024/1/13,33,14,27,20,38
2024/1/15,3,11,10,1,35
2024/1/16,27,29,9,5,2
2024/1/17,39,32,38,17,10
2024/1/18,31,27,32,33,10
2024/1/19,35,13,17,2,3
2024/1/20,36,28,15,20,37
2024/1/22,3,17,25,15,36
2024/1/23,8,19,35,18,16
2024/1/24,33,4,29,12,36
2024/1/25,34,32,36,14,1
2024/1/26,12,31,22,6,9
2024/1/27,8,9,1,35,30
2024/1/29,1,22,18,3,28
2024/1/30,21,36,3,23,11
2024/1/31,10,32,38,21,6
2024/2/1,29,19,37,17,10
2024/2/2,33,26,22,10,32
2024/2/3,23,21,14,20,34
2024/2/5,15,16,23,28,12
2024/2/6,32,6,13,39,16
2024/2/7,28,11,6,15,31
2024/2/8,38,35,25,20,31
2024/2/9,20,22,36,37,6
2024/2/10,21,22,18,3,19
2024/2/12,38,8,22,29,6
2024/2/13,24,30,28,23,31
2024/2/14,27,30,4,37,16
2024/2/15,15,17,2,30,4
2024/2/16,11,16,36,34,7
2024/2/17,12,31,18,38,39
2024/2/19,24,17,25,9,5
2024/2/20,34,29,30,21,26
2024/2/21,35,4,1,37,3
2024/2/22,15,3,12,33,5
2024/2/23,3,1,35,18,15
2024/2/24,2,33,7,10,15
2024/2/26,29,23,31,25,32
2024/2/27,30,38,31,27,11
2024/2/28,28,29,7,38,14
2024/2/29,26,37,15,22,7
2024/3/1,36,21,12,5,13
2024/3/2,29,37,19,36,17
2024/3/4,5,19,3,1,38
2024/3/5,26,39,34,37,36
2024/3/6,38,9,36,23,19
2024/3/7,20,23,36,2,6
2024/3/8,15,36,11,8,20
2024/3/9,5,27,37,10,38
2024/3/11,2,36,16,18,8
2024/3/12,21,39,38,12,23
2024/3/13,8,22,12,36,35
2024/3/14,19,28,22,26,18
2024/3/15,8,14,7,9,34
2024/3/16,16,39,27,6,2
2024/3/18,18,25,19,16,11
2024/3/19,39,38,26,10,16
2024/3/20,29,5,35,34,24
2024/3/21,13,4,27,1,2
2024/3/22,7,11,12,38,24
2024/3/23,7,27,17,33,28
2024/3/25,20,36,34,4,11
2024/3/26,7,35,38,30,5
2024/3/27,21,27,10,30,23
2024/3/28,29,26,10,1,16
2024/3/29,12,11,24,18,23
2024/3/30,12,35,24,2,15
2024/4/1,20,5,33,9,14
2024/4/2,26,10,23,4,12
2024/4/3,3,6,1,27,21
2024/4/4,35,22,27,14,8
2024/4/5,35,1,34,31,13
2024/4/6,22,15,7,4,30
2024/4/8,3,21,36,9,27
2024/4/9,12,21,39,24,25
2024/4/10,21,26,3,30,2
2024/4/11,15,18,13,19,33
2024/4/12,1,3,14,10,31
2024/4/13,19,9,31,2,1
2024/4/15,9,10,3,17,13
2024/4/16,28,21,26,17,6
2024/4/17,28,35,15,36,39
2024/4/18,6,25,13,15,28
2024/4/19,38,2,10,21,22
2024/4/20,34,3,12,20,35
2024/4/22,6,35,28,14,20
2024/4/23,18,37,17,32,35
2024/4/24,17,6,28,10,3
2024/4/25,25,22,21,20,16
2024/4/26,31,36,10,14,25
2024/4/27,36,9,22,34,15
2024/4/29,27,4,10,21,12
2024/4/30,7,12,3,17,37
2024/5/1,32,24,9,39,36
2024/5/2,35,28,6,3,13
2024/5/3,37,6,16,11,5
2024/5/4,7,13,28,2,18
2024/5/6,39,35,28,31,12
2024/5/7,25,18,9,4,39
2024/5/8,16,26,13,12,37
2024/5/9,11,6,35,31,5
2024/5/10,38,31,39,1,12
2024/5/11,7,1,15,29,11
2024/5/13,36,14,4,33,37
2024/5/14,7,22,18,11,20
2024/5/15,32,4,26,14,6
2024/5/16,21,33,35,10,9
2024/5/17,27,19,30,38,14
2024/5/18,37,11,32,5,10
2024/5/20,32,5,3,34,28
2024/5/21,16,24,1,3,31
2024/5/22,29,15,13,23,11
2024/5/23,23,34,26,14,27
2024/5/24,39,5,16,22,26
2024/5/25,34,15,38,32,1
2024/5/27,24,17,14,13,5
2024/5/28,36,29,23,39,16
2024/5/29,9,32,1,7,20
2024/5/30,37,32,2,36,9
2024/5/31,12,8,36,23,13
2024/6/1,20,24,4,28,38
2024/6/3,10,21,31,6,24
2024/6/4,17,25,23,11,7
2024/6/5,4,6,20,3,14
2024/6/6,3,21,11,36,20
2024/6/7,35,27,34,1,4
2024/6/8,11,24,19,31,32
2024/6/10,38,33,19,18,30
2024/6/11,13,26,34,3,32
2024/6/12,14,32,29,19,20
2024/6/13,17,38,3,12,30
2024/6/14,20,1,17,2,37
2024/6/15,5,35,37,8,36
2024/6/17,8,32,34,26,2
2024/6/18,2,38,15,29,9
2024/6/19,11,10,14,22,2
2024/6/20,20,13,16,12,32
2024/6/21,15,16,12,10,23
2024/6/22,22,1,25,27,21
2024/6/24,32,39,13,17,3
2024/6/25,37,26,36,32,25
2024/6/26,38,21,2,39,27
2024/6/27,18,31,27,15,28
2024/6/28,25,39,27,16,12
2024/6/29,35,17,33,2,26
2024/7/1,11,19,17,8,23
2024/7/2,16,22,3,20,15
2024/7/3,7,25,33,34,20
2024/7/4,12,9,33,26,15
2024/7/5,24,23,17,18,28
2024/7/6,4,21,24,33,35
2024/7/8,17,29,22,11,20
2024/7/9,13,2,33,36,31
2024/7/10,9,33,14,31,1
2024/7/11,2,37,23,13,1
2024/7/12,18,8,17,36,19
2024/7/13,21,16,29,23,30
2024/7/15,37,25,19,1,22
2024/7/16,7,26,34,36,24
2024/7/17,37,28,10,8,26
2024/7/18,5,17,24,33,34
2024/7/19,24,14,30,36,19
2024/7/20,11,1,29,27,31
2024/7/22,26,34,20,6,30
2024/7/23,12,37,38,7,11
2024/7/24,2,34,23,21,3
2024/7/25,1,18,39,9,17
2024/7/26,36,12,18,20,11
2024/7/27,15,18,11,1,37
2024/7/29,30,12,14,1,24
2024/7/30,29,16,38,4,2
2024/7/31,36,12,18,37,38
2024/8/1,24,30,27,35,12
2024/8/2,24,22,38,1,19
2024/8/3,27,26,11,12,32
2024/8/5,36,6,17,11,7
2024/8/6,29,37,6,1,12
2024/8/7,16,19,4,30,5
2024/8/8,9,13,28,19,2
2024/8/9,7,10,2,12,8
2024/8/10,38,39,21,1,28
2024/8/12,34,24,12,28,8
2024/8/13,20,28,32,15,9
2024/8/14,24,30,34,6,9
2024/8/15,7,27,20,14,39
2024/8/16,32,9,18,17,35
2024/8/17,32,14,33,36,6
2024/8/19,36,12,2,9,16
2024/8/20,34,7,28,39,30
2024/8/21,2,1,12,13,22
2024/8/22,16,37,34,8,2
2024/8/23,30,11,34,9,39
2024/8/24,25,26,37,29,28
2024/8/26,23,33,9,5,11
2024/8/27,34,35,5,13,21
2024/8/28,36,34,6,35,16
2024/8/29,36,4,26,29,21
2024/8/30,22,3,36,14,5
2024/8/31,36,21,15,37,9
2024/9/2,20,16,37,31,24
2024/9/3,23,19,11,24,14
2024/9/4,35,27,31,26,9
2024/9/5,10,37,27,13,32
2024/9/6,14,39,31,27,36
2024/9/7,5,9,36,28,38
2024/9/9,36,37,5,16,17
2024/9/10,6,36,35,39,34
2024/9/11,20,14,8,26,5
2024/9/12,27,13,3,33,8
2024/9/13,8,39,25,6,37
2024/9/14,37,29,34,35,3
2024/9/16,26,19,18,12,15
2024/9/17,9,31,39,38,7
2024/9/18,18,2,23,9,16
2024/9/19,22,37,26,19,16
2024/9/20,4,38,32,7,30
2024/9/21,9,35,39,25,22
2024/9/23,35,12,17,14,4
2024/9/24,19,4,10,31,30
2024/9/25,5,37,2,10,12
2024/9/26,4,6,20,16,14
2024/9/27,39,3,27,37,34
2024/9/28,20,39,24,10,35
2024/9/30,10,24,7,31,27
2024/10/1,23,30,20,35,31
2024/10/2,8,7,22,13,34
2024/10/3,6,15,1,39,19
2024/10/4,11,5,38,27,39
2024/10/5,5,2,8,32,14
2024/10/7,17,39,2,10,21
2024/10/8,13,37,25,11,1
2024/10/9,31,34,12,25,17
2024/10/10,29,38,35,3,25
2024/10/11,14,16,15,29,24
2024/10/12,23,22,14,35,21
2024/10/14,19,14,32,4,25
2024/10/15,33,2,27,19,35
2024/10/16,15,20,31,27,30
2024/10/17,1,21,18,37,36
2024/10/18,34,11,4,26,38
2024/10/19,11,36,15,37,24
2024/10/21,35,17,9,31,1
2024/10/22,34,32,16,25,7
2024/10/23,19,10,26,18,37
2024/10/24,22,1,8,4,20
2024/10/25,39,15,6,28,8
2024/10/26,15,18,28,26,13
2024/10/28,39,22,3,1,13
2024/10/29,25,29,12,9,35
2024/10/30,10,11,24,17,33
2024/10/31,38,8,36,13,25
2024/11/1,11,19,31,4,8
2024/11/2,16,7,38,6,37
2024/11/4,10,26,7,35,3
2024/11/5,30,8,27,1,18
2024/11/6,22,6,18,14,11
2024/11/7,32,6,10,20,25
2024/11/8,1,9,32,31,13
2024/11/9,2,10,21,36,3
2024/11/11,7,20,26,14,24
2024/11/12,17,24,8,28,5
2024/11/13,21,35,18,11,3
2024/11/14,17,5,30,11,25
2024/11/15,2,27,29,39,18
2024/11/16,24,4,29,37,33
2024/11/18,3,5,27,26,23
2024/11/19,33,10,32,14,21
2024/11/20,30,13,21,20,33
2024/11/21,25,12,23,4,13
2024/11/22,8,7,17,30,3
2024/11/23,38,28,3,13,29
2024/11/25,38,3,20,6,19
2024/11/26,11,1,29,27,5
2024/11/27,21,13,7,35,14
2024/11/28,20,29,9,5,34
2024/11/29,25,3,35,11,18
2024/11/30,16,4,17,11,24
2024/12/2,29,13,23,5,38
2024/12/3,12,18,16,7,15
2024/12/4,35,33,38,12,27
2024/12/5,39,19,28,23,5
2024/12/6,20,38,15,2,33
2024/12/7,6,33,32,24,31
2024/12/9,9,8,28,32,20
2024/12/10,24,7,12,13,21
2024/12/11,4,22,37,32,34
2024/12/12,29,11,2,23,16
2024/12/13,9,2,20,34,38
2024/12/14,35,7,12,8,3
2024/12/16,23,21,26,11,5
2024/12/17,16,3,5,31,7
2024/12/18,24,3,37,27,33
2024/12/19,7,8,33,11,27
2024/12/20,16,3,26,9,19
2024/12/21,18,32,14,12,13
2024/12/23,2,13,6,18,22
2024/12/24,28,14,39,1,15
2024/12/25,21,18,6,29,38
2024/12/26,5,7,12,20,38
2024/12/27,38,7,19,20,15
2024/12/28,30,26,18,24,17
2024/12/30,27,23,31,20,3
2024/12/31,34,11,32,15,33
2025/1/1,2,7,10,14,8
2025/1/2,33,12,26,30,32
2025/1/3,5,8,11,6,14
2025/1/4,8,23,9,21,12
2025/1/6,27,22,7,21,35
2025/1/7,23,37,27,13,31
2025/1/8,12,31,18,20,24
2025/1/9,8,29,2,19,21
2025/1/10,18,9,15,11,20
2025/1/11,5,34,19,13,12
2025/1/13,35,28,4,38,12
2025/1/14,10,35,31,36,22
2025/1/15,26,22,3,39,21
2025/1/16,34,23,29,9,13
2025/1/17,26,8,4,24,7
2025/1/18,39,7,12,35,18
2025/1/20,34,32,19,3,12
2025/1/21,18,22,1,19,14
2025/1/22,23,26,6,30,19
2025/1/23,22,4,35,17,7
2025/1/24,9,12,31,5,14
2025/1/25,7,36,32,1,37
2025/1/26,17,20,7,9,8
2025/1/27,26,31,6,1,16
2025/1/28,23,13,35,24,22
2025/1/29,31,25,32,11,4
2025/1/30,9,14,18,11,27
2025/1/31,5,9,14,26,1
2025/2/1,37,1,23,32,10
2025/2/2,16,9,32,39,29
2025/2/3,23,16,4,21,37
2025/2/4,31,19,1,16,8
2025/2/5,6,7,14,39,8
2025/2/6,3,22,34,7,29
2025/2/7,29,37,16,26,21
2025/2/8,24,8,38,28,37
2025/2/9,27,4,37,35,5
2025/2/10,12,22,35,26,28
2025/2/11,27,10,19,18,28
2025/2/12,19,28,6,29,2
2025/2/13,20,7,30,11,2
2025/2/14,11,34,17,39,29
2025/2/15,8,21,10,26,6
2025/2/17,9,29,30,15,39
2025/2/18,19,12,10,33,13
2025/2/19,27,3,28,38,33
2025/2/20,3,24,27,7,17
2025/2/21,35,13,18,11,30
2025/2/22,7,4,19,22,11
2025/2/24,17,8,18,36,24
2025/2/25,26,5,35,11,33
2025/2/26,36,3,11,27,24
2025/2/27,28,20,11,29,12
2025/2/28,27,5,39,31,38
2025/3/1,16,34,4,29,31
2025/3/3,8,27,12,22,9
2025/3/4,23,18,11,36,21
2025/3/5,29,15,39,36,23
2025/3/6,34,12,15,8,18
2025/3/7,9,33,19,10,35
2025/3/8,23,35,17,27,24
2025/3/10,25,2,4,37,7
2025/3/11,21,24,31,2,27
2025/3/12,30,33,6,14,27
2025/3/13,3,11,30,4,7
2025/3/14,8,18,6,28,19
2025/3/15,25,8,15,26,34
2025/3/17,7,26,30,13,11
2025/3/18,15,13,19,25,3
2025/3/19,34,25,11,29,15
2025/3/20,30,2,27,16,17
2025/3/21,26,20,9,5,15
2025/3/22,16,13,5,28,24
2025/3/24,7,34,35,25,32
2025/3/25,20,24,27,4,38
2025/3/26,12,32,1,10,35
2025/3/27,5,33,36,25,37
2025/3/28,36,25,39,24,13
2025/3/29,27,4,9,12,17
2025/3/31,7,10,13,26,23
2025/4/1,5,17,31,19,13
2025/4/2,8,32,34,29,4
2025/4/3,5,39,31,16,23
2025/4/4,7,6,36,38,3
2025/4/5,24,15,14,12,13
2025/4/7,19,1,6,26,33
2025/4/8,17,18,32,6,19
2025/4/9,4,14,35,6,24
2025/4/10,19,22,28,14,26
2025/4/11,26,35,15,17,27
2025/4/12,11,9,25,31,15
2025/4/14,33,30,22,10,9
2025/4/15,27,39,3,2,16
2025/4/16,22,7,38,25,29
2025/4/17,3,6,23,24,37
2025/4/18,36,7,31,28,24
2025/4/19,26,36,19,21,14
2025/4/21,6,2,24,12,14
2025/4/22,19,31,27,8,23
2025/4/23,19,33,1,16,27
2025/4/24,35,29,25,6,4
2025/4/25,33,5,36,24,1
2025/4/26,35,20,38,23,32
2025/4/28,12,39,38,6,17
2025/4/29,18,7,13,1,35
2025/4/30,30,31,26,22,38
2025/5/1,19,39,27,8,25
2025/5/2,12,28,20,24,5
2025/5/3,27,19,10,1,31
2025/5/5,10,11,5,4,8
2025/5/6,11,18,39,6,37
2025/5/7,28,21,38,9,7
2025/5/8,26,28,33,7,10
2025/5/9,11,34,19,4,21
2025/5/10,36,6,20,27,9
2025/5/12,26,10,27,38,8
2025/5/13,4,29,23,10,20
2025/5/14,24,18,38,1,14
2025/5/15,15,25,36,2,4
2025/5/16,39,24,13,27,2
2025/5/17,9,30,24,3,39
2025/5/19,7,25,35,14,4
2025/5/20,26,10,23,38,22
2025/5/21,16,31,10,34,38
2025/5/22,17,21,1,35,8
2025/5/23,13,32,16,27,24
2025/5/24,29,36,35,14,18
2025/5/26,15,34,21,8,24
2025/5/27,33,4,23,38,3
2025/5/28,15,33,9,24,13
2025/5/29,31,30,4,28,18
2025/5/30,20,34,14,21,35
2025/5/31,35,18,20,14,29
2025/6/2,2,16,11,21,7
2025/6/3,21,25,7,34,20
2025/6/4,33,38,30,36,20
2025/6/5,19,35,7,39,14
2025/6/6,2,14,25,12,30
2025/6/7,22,4,32,23,16
2025/6/9,30,8,20,29,27
2025/6/10,12,16,29,38,7
2025/6/11,31,19,4,17,21
2025/6/12,14,15,11,32,19
2025/6/13,4,12,5,10,38
2025/6/14,37,15,17,2,23
2025/6/16,36,33,9,6,8
2025/6/17,37,14,2,12,26
2025/6/18,36,26,12,7,23
2025/6/19,15,17,14,12,24
2025/6/20,2,24,5,17,8
2025/6/21,39,3,24,8,15
2025/6/23,3,14,22,31,38
2025/6/24,20,31,10,1,12
2025/6/25,11,28,2,30,37
2025/6/26,1,29,24,13,6
2025/6/27,10,4,37,3,19
2025/6/28,12,34,29,33,22
2025/6/30,7,11,31,23,8
2025/7/1,8,11,6,19,38
2025/7/2,21,24,13,38,6
2025/7/3,21,26,22,27,10
2025/7/4,24,36,5,31,39
2025/7/5,22,14,35,8,24
2025/7/7,27,14,25,38,35
2025/7/8,3,24,4,33,27
2025/7/9,28,18,37,27,13
2025/7/10,3,34,4,36,2
2025/7/11,37,9,39,38,26
2025/7/12,26,19,21,20,3
2025/7/14,29,11,8,12,36
2025/7/15,21,22,9,38,16
2025/7/16,24,32,18,31,15
2025/7/17,6,4,11,29,37
2025/7/18,21,12,39,22,38
2025/7/19,14,26,11,27,7
2025/7/21,1,34,11,6,22
2025/7/22,19,27,39,21,32
2025/7/23,16,39,36,18,23
2025/7/24,2,6,9,32,29
2025/7/25,26,30,10,7,5
2025/7/26,29,14,23,15,18
2025/7/28,22,4,23,30,16
2025/7/29,6,10,1,13,27
2025/7/30,30,22,24,32,17
2025/7/31,12,11,17,34,36
2025/8/1,34,33,18,2,13
2025/8/2,31,25,14,3,22
2025/8/4,23,3,25,21,26
2025/8/5,21,32,20,37,13
2025/8/6,6,10,38,24,28
2025/8/7,30,37,10,28,20
2025/8/8,11,30,27,25,34
2025/8/9,1,9,27,30,29
2025/8/11,22,28,14,26,1
2025/8/12,9,30,17,1,25
2025/8/13,34,23,11,32,26
2025/8/14,14,12,10,31,35
2025/8/15,16,18,5,1,26
2025/8/16,15,18,22,24,31
2025/8/18,12,9,29,18,27
2025/8/19,7,18,35,31,6
2025/8/20,18,15,39,31,29
2025/8/21,16,27,33,29,28
2025/8/22,6,21,37,7,38
2025/8/23,4,39,5,27,8
2025/8/25,26,6,23,15,12
2025/8/26,39,2,24,5,38
2025/8/27,32,5,28,3,30
2025/8/28,5,29,31,23,7
2025/8/29,21,20,30,38,7
2025/8/30,14,7,13,4,5
2025/9/1,28,35,29,24,21
2025/9/2,25,5,8,10,23
2025/9/3,23,14,20,15,21
2025/9/4,6,27,34,7,24
2025/9/5,29,32,9,38,7
2025/9/6,8,31,28,14,25
2025/9/8,7,11,28,20,38
2025/9/9,23,26,20,8,25
2025/9/10,16,14,12,39,28
2025/9/11,18,28,36,6,26
2025/9/12,9,34,26,16,12
2025/9/13,25,36,32,35,2
2025/9/15,10,7,12,9,28
2025/9/16,2,19,9,21,33
2025/9/17,7,4,38,6,12
2025/9/18,12,14,33,23,5
2025/9/19,2,31,11,24,22
2025/9/20,11,8,13,22,5
2025/9/22,9,12,14,33,7
2025/9/23,6,20,37,33,19
2025/9/24,39,22,35,4,23
2025/9/25,32,28,13,2,10
2025/9/26,14,34,7,3,25
2025/9/27,13,11,3,28,37
2025/9/29,37,29,15,3,21
2025/9/30,14,21,28,33,20
2025/10/1,12,27,3,22,5
2025/10/2,19,39,10,36,25
2025/10/3,10,16,21,28,19
2025/10/4,10,3,4,39,18
2025/10/6,5,6,3,13,12
2025/10/7,28,34,16,1,20
2025/10/8,9,26,39,38,3
2025/10/9,2,12,4,15,29
2025/10/10,31,3,36,6,24
2025/10/11,9,19,22,4,34
2025/10/13,36,13,8,14,22
2025/10/14,4,18,9,24,5
2025/10/15,39,33,7,19,4
2025/10/16,37,18,21,30,4
2025/10/17,31,1,34,21,32
2025/10/18,17,2,35,38,32
2025/10/20,22,6,27,23,13
2025/10/21,13,30,38,37,22
2025/10/22,3,20,4,28,25
2025/10/23,8,37,15,27,38
2025/10/24,37,13,38,8,11
2025/10/25,4,34,3,21,11
2025/10/27,26,37,31,3,20
2025/10/28,31,20,18,25,29
2025/10/29,39,36,33,26,32
2025/10/30,5,31,27,28,37
2025/10/31,18,11,26,25,33
2025/11/1,27,8,28,19,12
2025/11/3,24,36,25,34,37
2025/11/4,7,1,12,29,39
2025/11/5,27,15,11,39,14
2025/11/6,28,7,24,32,31
2025/11/7,37,27,30,22,32
2025/11/8,34,7,8,26,9
2025/11/10,30,17,14,7,15
2025/11/11,31,5,19,34,39
2025/11/12,4,1,14,22,9
2025/11/13,36,18,20,23,13
2025/11/14,11,38,37,15,2
2025/11/15,20,29,12,28,25
2025/11/17,16,26,29,7,4
2025/11/18,37,14,31,24,36
2025/11/19,28,20,11,31,3
2025/11/20,33,36,5,38,1
2025/11/21,5,35,28,17,10
2025/11/22,37,10,33,13,32
2025/11/24,2,4,5,17,31
2025/11/25,38,39,30,36,9
2025/11/26,34,28,26,7,13
2025/11/27,22,19,7,25,28
2025/11/28,14,8,22,13,28
2025/11/29,8,27,30,36,33
2025/12/1,20,2,3,24,4
2025/12/2,5,13,29,8,2
2025/12/3,9,35,5,33,14
2025/12/4,7,25,37,20,1
2025/12/5,29,16,17,2,3
2025/12/6,24,6,32,23,22
2025/12/8,27,23,5,31,28
2025/12/9,39,15,7,8,30
2025/12/10,4,11,7,26,16
2025/12/11,2,25,17,26,6
2025/12/12,26,24,35,10,28
2025/12/13,21,9,31,38,2
2025/12/15,3,27,29,17,38
2025/12/16,2,33,10,35,14
2025/12/17,32,6,7,19,5
2025/12/18,36,32,4,33,9
2025/12/19,27,30,16,12,23
2025/12/20,38,5,35,1,16
2025/12/22,27,2,22,24,38
2025/12/23,30,9,24,22,35
2025/12/24,14,30,2,25,3
2025/12/25,14,18,28,36,39
2025/12/26,1,20,27,36,10
2025/12/27,38,28,1,15,19
2025/12/29,29,13,10,37,5
2025/12/30,12,27,24,33,11
2025/12/31,8,11,35,10,26
